"gender","age","biu","coc","bis","syc","proficiency","dependency","optimism","acceptance"
"female",55,4,"3,8","4,66666666666667",5,3,"4,8","4,25",4
"female",50,4,"4,4",5,5,"1,33333333333333","5,2","3,75","3,66666666666667"
"female",21,4,"5,2",5,7,"3,33333333333333","5,8","2,5",1
"female",24,"2,5","4,2","6,66666666666667",7,"4,66666666666667","6,2","4,75","4,66666666666667"
"female",21,"3,5",5,3,5,"4,33333333333333",5,"4,75",4
"female",40,4,"2,6","4,33333333333333",4,3,3,"3,5",5
"male",36,7,2,6,7,5,"6,4","5,5",7
"female",54,1,3,"2,66666666666667",7,5,"3,2","5,5","5,33333333333333"
"male",50,"4,75","2,2",6,2,"3,66666666666667","5,2","5,75","6,33333333333333"
"female",44,"3,25","5,8",4,5,3,"4,2","4,5","1,66666666666667"
"female",22,4,2,"4,33333333333333",4,1,6,"4,75","6,66666666666667"
"male",23,7,1,"6,66666666666667","6,5",7,"4,2",7,7
"female",40,"4,5","2,2",6,1,7,"2,2",7,7
"female",21,"4,5","2,2","5,66666666666667",4,"5,66666666666667","3,4",6,"5,33333333333333"
"male",48,"2,75","3,2",3,5,2,2,"4,25","6,66666666666667"
"female",27,4,4,4,4,5,"3,6",4,"3,33333333333333"
"female",47,"2,75",1,"3,33333333333333","5,5",7,"5,2","6,25",7
"female",39,"3,5",2,6,"4,5","5,33333333333333","5,2","5,25",6
"male",45,"2,75","3,4",4,7,"5,66666666666667","6,2","6,25",1
"female",21,4,2,"5,66666666666667",7,3,"4,2",4,5
"female",28,"4,25",4,"6,66666666666667","6,5",3,4,4,6
"female",21,3,"4,8","5,66666666666667","6,5","3,66666666666667",4,5,"4,33333333333333"
"female",18,"3,75",4,6,6,"3,66666666666667","3,8","3,75","4,33333333333333"
"female",22,"2,5","5,4",3,7,"1,66666666666667","5,6","4,75","4,66666666666667"
"female",69,"2,75",6,"5,33333333333333",7,2,"4,8",5,2
"female",18,"2,75","3,2","5,66666666666667","5,5","5,33333333333333","3,6","5,5",7
"male",49,"3,25","4,2",4,7,4,5,"5,25","4,66666666666667"
"female",37,"2,5",4,4,5,"2,66666666666667","3,8","4,25","4,66666666666667"
"male",35,"4,75","1,8",7,"3,5","3,33333333333333","4,4","5,5","6,33333333333333"
"female",22,3,"4,6",6,"3,5","3,66666666666667","4,6","4,5",5
"female",44,3,"2,6",5,"5,5","3,66666666666667","4,8","4,5","5,66666666666667"
"female",20,4,"2,6","3,66666666666667","4,5","2,66666666666667","5,2","5,5","4,66666666666667"
"male",37,5,1,6,4,6,"2,8",6,7
"female",23,2,6,"5,33333333333333",6,4,"6,6","5,25","3,66666666666667"
"male",27,"5,25","3,6",6,"4,5",6,"5,4","5,25",4
"female",29,"4,5","2,4",6,"5,5",2,"4,8","3,75",5
"male",25,"6,75","2,2",5,"5,5","6,66666666666667","5,8","6,25",7
"male",48,"2,5","2,6","2,33333333333333","6,5",2,2,"4,5",7
"male",74,"2,75",2,5,"3,5",2,2,"4,25","5,66666666666667"
"male",50,2,"3,6","2,66666666666667","4,5",4,4,"5,5","5,33333333333333"
"male",21,"2,75","4,2","5,33333333333333",7,"3,66666666666667","4,6","4,5","3,33333333333333"
"female",22,"5,25","1,4",7,6,4,"4,8",6,"6,33333333333333"
"male",20,"2,5","2,8","5,66666666666667",7,"5,33333333333333",1,7,"3,33333333333333"
"female",38,"4,25","1,6","5,66666666666667","6,5","3,33333333333333","2,4","2,75","4,33333333333333"
"male",44,"2,75","5,8",4,7,"2,33333333333333",5,"3,5",3
"male",21,"4,75","1,6",7,6,"4,66666666666667","3,2","5,5",7
"male",20,"5,25","2,6","3,66666666666667",6,5,"4,2",6,"6,66666666666667"
"male",21,"4,5","2,8","5,66666666666667",5,5,"3,6","5,25",6
"male",40,"5,5","1,4","5,33333333333333",6,5,"5,2","5,25","6,66666666666667"
"female",21,5,6,4,4,3,"4,4","3,5","5,33333333333333"
"male",22,"1,75","6,6","1,66666666666667",7,"6,66666666666667","4,6",3,1
"male",22,4,"2,8",4,"3,5",3,"3,2","2,75","4,66666666666667"
"male",21,"5,75",2,"5,66666666666667","4,5",6,"5,8","6,25",7
"male",22,4,1,4,7,"5,66666666666667","6,2",6,7
"male",21,"2,75","4,2","4,66666666666667",5,"5,33333333333333","4,8",4,"6,33333333333333"
"male",22,"3,75","1,8",7,6,6,"4,4","6,5",5
"male",56,5,"4,2","4,33333333333333","6,5","3,66666666666667","4,6","4,25","4,66666666666667"
"male",26,3,"4,4",7,7,6,"4,4",6,"5,33333333333333"
"female",19,"5,5","6,8",6,7,"5,33333333333333",6,"6,5",5
"male",23,5,"1,8",5,7,"5,33333333333333","4,8","6,25",7
"female",19,"3,5","1,8","4,66666666666667",7,"6,66666666666667","5,2",6,"5,66666666666667"
"female",21,"4,5",4,7,6,"3,66666666666667","4,8","5,75","5,33333333333333"
"male",36,"3,5","2,8",5,7,"5,33333333333333","1,4","5,75","5,66666666666667"
"male",20,"3,75","3,8","5,66666666666667","6,5","5,66666666666667","4,6",6,4
"female",45,"3,5","2,6","2,33333333333333",3,"4,33333333333333","3,8","4,5",2
"male",21,4,1,7,7,6,"4,4","4,5","1,66666666666667"
"male",47,"4,25","3,6",1,1,5,5,5,"4,33333333333333"
"female",22,5,"2,4",7,"6,5","1,66666666666667","5,4","6,5","6,33333333333333"
"female",23,"2,75",7,"3,66666666666667",7,2,"2,8","4,5","3,33333333333333"
"female",21,"3,75",4,"5,66666666666667",7,"4,66666666666667","6,4","4,5","5,33333333333333"
"female",22,2,"5,6",3,7,"4,33333333333333","3,4",5,"2,66666666666667"
"male",22,"4,5",5,5,"1,5","3,66666666666667","4,8","4,5","4,66666666666667"
"female",22,"4,5",7,1,7,"4,66666666666667","5,6","5,75","2,33333333333333"
"male",24,"6,5","3,8",6,5,7,"5,2","6,75","6,66666666666667"
"female",25,1,5,"2,66666666666667",7,3,"3,6","4,25","4,66666666666667"
"female",59,4,"4,2","3,66666666666667",4,4,"3,4","5,75","4,66666666666667"
"male",22,"5,5","1,4",7,7,"1,66666666666667","4,8","4,5",7
"male",59,"1,75",6,"3,66666666666667",7,"4,33333333333333",5,5,4
"male",71,"4,25","3,8","3,33333333333333","5,5","2,66666666666667",5,4,3
"female",50,2,7,"2,66666666666667",7,1,4,"4,75",2
"male",46,7,1,"5,66666666666667",1,7,"2,2",7,7
"male",22,"5,5","2,2","5,66666666666667",4,6,"3,6","5,25","6,33333333333333"
"female",22,5,"5,4","6,33333333333333","6,5",5,"4,2","4,5",6
"female",20,"4,75","4,8",6,7,"4,33333333333333","4,4","5,75","6,33333333333333"
"female",49,3,5,"4,33333333333333","6,5","2,66666666666667","5,2","3,75","1,66666666666667"
"female",50,"4,75","5,6","4,33333333333333",6,"1,66666666666667","3,6","4,25",3
"female",27,"4,5","4,6","5,33333333333333",4,"2,33333333333333","5,6",4,"6,66666666666667"
"female",21,"2,25","1,4",6,"3,5",4,"2,4",7,7
"male",50,"3,75",5,"2,66666666666667",7,"1,66666666666667",6,2,1
"female",65,6,1,"4,33333333333333",5,"1,66666666666667","3,4","4,25","6,66666666666667"
"female",36,"3,5","6,6","1,66666666666667",7,"5,33333333333333","4,8","4,75",3
"female",19,3,4,3,5,2,"6,4",5,"6,33333333333333"
"female",25,"2,5","6,6","3,33333333333333",5,"1,66666666666667","1,2","1,5","2,66666666666667"
"female",59,4,5,3,5,4,3,3,"5,66666666666667"
"female",24,"4,25","4,4",6,"5,5","4,66666666666667","6,4","4,75","2,33333333333333"
"female",51,3,4,"4,66666666666667",6,"3,66666666666667","4,2","5,25","2,33333333333333"
"male",23,"5,25",2,5,7,5,"5,4",5,6
"female",39,"6,5","2,8","6,33333333333333",5,2,"3,4","5,5",5
"male",30,"5,5",6,6,6,"6,66666666666667","4,2",4,"4,33333333333333"
"male",50,"3,25","3,6","5,33333333333333",3,3,4,"4,75","4,33333333333333"
"male",43,2,2,6,"6,5","1,66666666666667","4,8","5,5","4,66666666666667"
"male",21,"1,75",3,"4,33333333333333",7,"2,66666666666667","4,4","4,5","4,66666666666667"
"male",34,4,"3,2","5,33333333333333","6,5","2,66666666666667","4,6","4,25","6,33333333333333"
"female",35,"2,25","5,2","4,33333333333333",6,"4,33333333333333",5,"4,75","6,33333333333333"
"female",29,"5,75","4,6","6,66666666666667",7,7,"6,4","6,25","5,33333333333333"
"female",22,"4,5","6,6","2,66666666666667","1,5","1,66666666666667","6,2",4,"3,33333333333333"
"male",37,"5,75",1,7,1,6,"2,6",7,7
"female",45,"4,25",7,4,7,"5,33333333333333","5,4","3,75",3
"male",39,7,1,7,"5,5",7,"4,8","6,75",3
"male",34,7,1,"6,33333333333333","6,5","5,66666666666667","6,4","5,75",7
"female",36,"3,5","2,6","2,66666666666667",4,2,"2,6","3,75",7
"male",28,"3,25","2,2",7,1,6,"5,8","4,5","6,66666666666667"
"male",27,3,"3,8","3,33333333333333",6,4,6,6,5
"male",26,"4,5","2,4",7,7,"6,33333333333333","3,2","5,75",7
"female",20,6,"4,6","5,66666666666667",6,5,"5,6","5,75","5,33333333333333"
"female",23,6,3,7,"4,5","1,33333333333333","1,6","5,5",7
"male",21,4,"1,8","3,66666666666667",7,"6,66666666666667","6,8","3,5",7
"female",21,5,"2,6",6,6,5,"6,6","5,75","4,33333333333333"
"female",23,"3,5","3,8",3,5,1,3,6,6
"male",25,"3,25","1,8","5,66666666666667",7,"6,33333333333333","5,2","5,75",6
"female",21,6,1,"6,33333333333333",6,"6,66666666666667","1,8","6,5",5
"female",23,5,"3,2","5,66666666666667","6,5","1,66666666666667","6,8",6,"4,66666666666667"
"female",21,5,"2,6","5,66666666666667","3,5",4,"5,8","5,25",7
"female",21,4,"3,8","4,66666666666667","6,5","4,33333333333333","5,8","6,5",5
"female",35,"4,75","3,2","5,66666666666667",7,"5,33333333333333",6,"5,75",5
"male",24,"5,25",1,6,1,4,"2,8","4,5",7
"male",24,1,"5,2","5,33333333333333",7,7,"5,8","5,75",2
"male",23,3,3,5,7,6,"3,6","6,75",7
"male",21,"3,75",1,"6,33333333333333",6,5,"5,4",5,4
"male",21,"2,75",1,"4,33333333333333",7,"3,33333333333333","3,2","4,75","6,33333333333333"
"female",23,7,3,7,7,7,7,7,7
"female",27,5,"2,4","6,33333333333333",5,"4,66666666666667","4,2","5,25","5,66666666666667"
"male",22,"4,75",3,"6,33333333333333",5,"5,66666666666667","5,2","5,75","6,33333333333333"
"female",21,"3,75","3,2","5,33333333333333",6,"5,33333333333333","4,6","5,75","4,66666666666667"
"female",20,6,6,6,6,5,"3,6","5,25","4,66666666666667"
"female",27,"2,25","1,8","4,66666666666667","5,5",1,"1,4","1,75","5,33333333333333"
"male",23,"4,5",1,3,6,6,"4,8","4,75","6,33333333333333"
"female",22,7,1,6,2,6,"4,6","6,5",7
"female",25,4,1,7,"4,5","5,66666666666667","4,6",5,6
"female",22,7,2,5,5,4,4,4,7
"male",24,"2,5",3,"4,66666666666667","6,5","4,66666666666667","3,8",5,"3,66666666666667"
"male",27,"3,5",6,3,7,4,"5,4","4,75","6,33333333333333"
"male",29,"3,5",2,7,2,7,"4,2",7,7
"male",31,"5,5",1,7,4,"6,33333333333333","5,6",6,7
"male",34,"6,75","2,6","6,33333333333333","3,5",3,"5,6","5,75",7
"female",20,7,1,7,7,"5,66666666666667","6,8","6,75",7
"female",23,"4,5","3,8",6,7,"4,33333333333333","3,8","5,25","4,66666666666667"
"female",24,"2,75","3,4",4,6,2,"6,2",6,"4,66666666666667"
"male",24,"6,75",1,7,1,"6,66666666666667","5,4","6,25",7
"female",24,6,"2,8",5,7,"4,33333333333333","5,4",5,"6,33333333333333"
"female",19,"1,5","4,6",4,6,"4,66666666666667","3,8","3,25",4
"male",22,"2,5","3,6",4,"5,5","4,33333333333333","3,8","4,25","5,66666666666667"
"male",21,2,5,"3,33333333333333",7,"5,33333333333333","5,6","5,25",3
"male",22,4,"3,6",4,7,5,"4,6",6,4
"male",29,"5,5","2,8","4,66666666666667",4,"5,33333333333333","4,6","5,5",7
"female",22,"3,25","5,4","6,66666666666667",7,6,"5,6",6,"6,33333333333333"
"female",22,7,"1,6",7,"6,5","3,66666666666667","5,6","6,5","6,66666666666667"
"male",29,"3,75","3,6","4,66666666666667",4,"5,33333333333333","3,4","5,25","6,66666666666667"
"male",29,"5,5",2,"5,66666666666667",5,"6,66666666666667","5,2",6,7
"female",20,"4,75","3,8",5,"6,5",3,"4,4","3,75","6,33333333333333"
"female",20,4,"3,6","5,33333333333333",6,"2,66666666666667","5,2","4,75","4,66666666666667"
"male",22,4,3,"5,33333333333333",4,5,"5,4",6,"4,66666666666667"
"male",18,"4,75","3,2","4,33333333333333","3,5","4,33333333333333",4,"4,25",7
"male",24,1,"1,4",5,7,"4,66666666666667","4,8","6,75",5
"male",22,"5,25",1,6,"6,5",7,"3,4","6,5",5
"male",26,"3,25","4,8","6,33333333333333","6,5","6,33333333333333","3,8","5,5","4,66666666666667"
"female",18,"3,25",3,"3,66666666666667","3,5","1,33333333333333","2,6",2,2
"female",22,"3,75","3,6",3,6,5,"5,6","4,75","5,66666666666667"
"male",20,3,"4,2","3,33333333333333",6,6,"3,6",6,6
"male",22,"2,75",2,6,6,5,"4,8",5,"5,66666666666667"
"male",22,"5,25",1,"5,66666666666667",6,"6,66666666666667","3,8","4,75","6,66666666666667"
"male",19,5,"2,6",4,"6,5","6,33333333333333","4,8","5,75","6,33333333333333"
"female",44,5,"1,8",3,6,3,"3,6","3,25",7
"female",26,"5,75","3,2","6,66666666666667",3,"6,66666666666667",4,"6,75",7
"male",21,3,"3,2",6,"3,5",5,5,"5,75","6,33333333333333"
"male",25,"3,5",1,"5,33333333333333",7,"6,33333333333333","4,2",5,6
"female",45,5,2,6,"6,5",4,"1,6","6,75","4,66666666666667"
"female",42,4,"3,6","5,66666666666667",5,"2,66666666666667","3,6","4,75",6
"male",36,"5,25",2,"6,66666666666667","6,5","4,66666666666667","4,2","6,25","5,33333333333333"
"female",32,"4,25","4,8","4,66666666666667",6,"3,66666666666667","3,4",4,"5,66666666666667"
"male",22,5,5,"4,66666666666667","3,5",4,"5,6","4,5","6,33333333333333"
"male",27,4,2,"4,66666666666667",7,"4,33333333333333","2,2",4,6
"male",20,4,"2,6","4,66666666666667","3,5",5,"3,8",4,6
"female",21,"3,25",3,5,"4,5","5,66666666666667","4,6","4,75",4
"female",20,2,"3,8","4,66666666666667","6,5","4,66666666666667","3,2",6,"3,33333333333333"
"male",21,4,"1,6",6,6,7,"6,6","2,75",7
"male",39,"3,75","2,6",4,6,7,"6,4",5,"3,33333333333333"
"female",30,"3,25","6,6","1,66666666666667","6,5",6,"3,2",2,"2,66666666666667"
"male",21,7,"2,2",7,"6,5","5,33333333333333","5,6","4,75","3,66666666666667"
"female",21,"4,75",5,"6,33333333333333","5,5","4,33333333333333","6,2","3,5",6
"male",21,7,1,7,7,5,5,5,"3,66666666666667"
"male",22,5,1,"5,66666666666667","6,5","5,66666666666667","5,2",2,"3,66666666666667"
"male",21,"5,5","4,2",6,7,"3,66666666666667","5,2","4,5","4,33333333333333"
"male",22,"4,25",2,7,6,"6,33333333333333",4,5,"6,66666666666667"
"male",27,7,"3,8","5,33333333333333",7,"4,33333333333333","4,8","5,25",4
"female",29,"3,5","2,6",7,4,"1,33333333333333","6,2",5,7
"female",33,5,3,5,"6,5",6,"5,2","5,25","5,33333333333333"
"female",22,"2,75","5,6","3,66666666666667",7,"4,66666666666667","6,2","4,25",5
"female",19,2,"5,8",5,5,"3,33333333333333",5,"4,75",4
"male",19,"4,5","3,4",6,"6,5",6,"5,2","4,75",2
"female",23,"4,5",3,6,6,"2,66666666666667","4,6","4,75","4,66666666666667"
"male",22,4,"2,8","5,33333333333333",5,6,3,"5,25","6,33333333333333"
"male",36,5,3,6,5,"4,66666666666667","2,8","4,5",7
"male",25,"3,5","3,8",6,7,"5,66666666666667",6,"5,75",3
"male",29,"4,75","1,2","6,66666666666667","3,5","5,66666666666667","3,2",5,7
"female",23,"6,25","1,8",7,7,"2,33333333333333","5,2","4,5",6
"male",22,6,"2,2","5,66666666666667","5,5","6,66666666666667","4,4","6,25",7
"female",26,5,"5,4","5,33333333333333",3,"4,66666666666667","3,4","5,5","6,33333333333333"
"male",28,"6,5",2,"6,33333333333333",6,5,"3,6","4,5","6,66666666666667"
"male",23,"4,75","3,4","5,33333333333333",5,"3,33333333333333","4,6",5,"4,33333333333333"
"female",25,"4,25","2,2","4,33333333333333",6,"6,66666666666667","4,6","6,75","5,66666666666667"
"female",23,"4,25","4,2","6,66666666666667","6,5","3,66666666666667","5,6",5,"4,66666666666667"
"male",20,6,"2,2",6,"3,5","5,66666666666667","4,6",5,7
"male",20,"3,75","3,4",5,"6,5",6,"4,8",5,7
"female",28,4,1,7,7,5,"4,8",5,"6,33333333333333"
"female",26,"3,25","5,8",6,7,3,"6,2","5,75","4,33333333333333"
"male",19,"4,5","3,2",5,"5,5","3,66666666666667","4,4","5,25","5,33333333333333"
"male",23,"4,25","2,2",6,"6,5","5,66666666666667","6,8","6,75",7
"female",25,"4,25","4,4",3,"6,5",5,"5,4","6,25",5
"male",32,"4,5",5,"4,33333333333333",4,"2,33333333333333","4,6","4,5",3
"male",27,"3,5","4,2",3,7,"4,33333333333333","5,6","3,25","3,33333333333333"
"female",48,2,"6,8","1,66666666666667",7,"4,33333333333333",5,"5,5",2
"male",22,3,"2,6",5,"6,5",7,"5,2",6,7
"female",20,"4,5","4,4","5,66666666666667","4,5",4,"4,6","4,75","5,66666666666667"
"female",24,4,"5,6",2,6,3,"3,2","4,25","4,66666666666667"
"female",45,"3,5",3,"5,66666666666667","6,5",1,"3,8",4,"6,33333333333333"
"male",22,"3,75","2,8",7,7,5,"6,8","6,5",6
"male",33,"4,25","1,8",6,5,"6,33333333333333","3,2","5,5","6,33333333333333"
"female",41,1,2,"4,66666666666667",7,"5,33333333333333","4,2","6,25","2,33333333333333"
"female",44,"1,75","6,2",4,7,4,"4,8","4,25","2,33333333333333"
"female",20,"1,75","4,6","6,33333333333333",7,"4,33333333333333",5,4,5
"male",39,"4,75",4,7,5,7,"4,6",7,6
"female",23,"5,75","2,8","6,66666666666667","5,5","3,66666666666667","4,6","5,5","6,33333333333333"
"male",20,"5,25",2,5,7,7,"5,6","6,25","5,66666666666667"
"male",23,"5,5","4,4","3,66666666666667",7,"6,33333333333333","5,4",5,2
"male",19,"3,5","4,2",7,7,5,"5,8",4,"3,66666666666667"
"male",21,"4,25","3,4",3,"4,5","5,66666666666667","4,4","5,25","6,66666666666667"
"female",19,"3,75","6,8",5,6,5,"6,4","5,25","2,66666666666667"
"male",50,7,"1,4","6,66666666666667",6,6,"5,2","6,75",7
"male",27,5,"2,2",7,"6,5","6,33333333333333","5,4","5,5",6
"male",24,"2,75","2,8",5,"4,5","6,33333333333333","4,2","4,75",7
"male",22,"2,75","2,8",3,"6,5","4,33333333333333","5,6","6,5","5,66666666666667"
"male",19,"4,25",1,7,"5,5",7,"3,8",7,7
"female",23,"4,5",5,"4,33333333333333",6,5,"5,8",6,5
"female",22,"4,25","4,8","3,66666666666667",5,"4,33333333333333","5,8","4,25","3,33333333333333"
"male",20,"3,5",7,4,7,5,5,5,4
"female",32,"4,5","5,6","5,66666666666667",6,5,"3,2","4,75","4,66666666666667"
"female",22,"5,75","3,6","4,66666666666667","6,5","2,33333333333333",6,"5,75","6,33333333333333"
"female",21,5,1,4,4,6,6,6,7
"female",32,"4,5","5,6","5,66666666666667",6,5,"3,2","4,75","4,66666666666667"
"female",22,4,4,4,4,4,"4,2",4,"3,33333333333333"
"male",31,"2,75",1,5,"6,5","6,66666666666667","5,8","5,25",4
"male",20,7,"2,6",6,"6,5",6,"6,4","6,75",7
"male",24,"5,75","1,8",7,"5,5","4,33333333333333",5,6,7
"female",20,"4,75","3,4",6,"5,5","5,33333333333333",6,"6,25","5,33333333333333"
"male",28,2,2,7,7,"4,33333333333333",5,6,"5,66666666666667"
"male",28,6,"4,6","5,33333333333333",6,3,"5,2","5,5","5,66666666666667"
"female",23,"3,5","5,6",4,5,1,"5,2","3,25","3,66666666666667"
"female",21,7,6,7,7,1,"4,4","3,75",2
"male",25,4,2,"6,66666666666667",4,"4,33333333333333","2,4","4,25","6,33333333333333"
"female",21,1,6,3,7,"3,33333333333333","4,4","4,25",3
"male",23,"3,25","3,6",5,4,5,5,"5,25","6,66666666666667"
"male",26,"5,5","2,2","6,66666666666667",4,"4,66666666666667","3,8","5,75",6
"male",58,"5,25",2,"5,33333333333333","3,5","3,66666666666667","5,2","5,75",6
"male",39,"3,75","2,6","5,33333333333333",7,"6,33333333333333","2,6","4,25","5,66666666666667"
"female",20,"3,5","4,2","2,33333333333333",6,"5,33333333333333","3,6",4,6
"male",21,"4,5","1,4","3,33333333333333",5,5,"5,2","5,75",7
"female",25,"3,75","1,4","2,66666666666667",5,"5,66666666666667","3,4",5,"6,33333333333333"
"female",26,"3,5","4,8","3,66666666666667",7,"3,66666666666667","5,4",5,5
"female",22,"1,25",5,5,5,"3,66666666666667","5,2","3,5","4,66666666666667"
"female",21,"4,75",2,6,"5,5",5,"4,8","5,5","3,66666666666667"
"female",22,"3,75","3,4",6,"6,5","4,66666666666667",5,"5,75","6,33333333333333"
"female",20,1,"4,2",5,6,"2,66666666666667",4,"4,5",3
"male",21,5,"1,8","6,66666666666667","6,5",4,5,"4,75",5
"male",26,4,"5,2","4,66666666666667","5,5","4,66666666666667",4,"4,25","5,33333333333333"
"male",26,5,"4,6","2,66666666666667",3,"4,66666666666667","3,2","6,5","6,66666666666667"
"male",23,"1,5","4,2","5,33333333333333",7,"6,33333333333333","4,6","5,75","5,33333333333333"
"female",36,4,"5,4",3,6,3,"3,8",5,5
"female",21,4,"2,4","4,33333333333333",7,4,"5,8",4,"4,33333333333333"
"male",20,2,2,6,"6,5","4,33333333333333","4,6","6,25","4,66666666666667"
"male",22,"5,25","1,8","6,66666666666667",5,"4,66666666666667",4,6,"6,33333333333333"
"male",23,"3,25","2,6","6,33333333333333",4,"5,66666666666667","4,6","5,75",6
"female",47,"3,25",5,"2,33333333333333",2,"5,66666666666667","3,6",4,2
"female",24,"3,75","3,8",4,"5,5","5,66666666666667","5,4","5,5",6
"male",35,"4,5","3,8","4,66666666666667",5,"4,66666666666667",5,"4,5",6
"male",25,"5,75",2,5,"5,5",4,"3,8","4,75",7
"female",21,"4,25","2,6","4,66666666666667",5,"4,66666666666667","5,8","5,5","4,33333333333333"
"male",23,4,2,5,6,"4,66666666666667","4,4","4,75","6,33333333333333"
"female",41,4,"6,4","2,66666666666667",7,"2,33333333333333","6,2","5,5",4
"male",22,"2,75","4,8","5,66666666666667","6,5",6,"5,6",4,"4,33333333333333"
"male",25,"1,5","1,6","3,33333333333333",7,"4,33333333333333","2,4","4,25","2,66666666666667"
"male",26,"4,5","3,2","1,66666666666667",3,"4,66666666666667","3,4","5,75","5,66666666666667"
"male",45,2,3,4,6,5,"5,6",6,"4,33333333333333"
"male",32,"3,75","3,4",5,7,5,5,"4,75","4,33333333333333"
"male",20,"6,5","1,8",7,"6,5",7,"4,6","6,75","6,66666666666667"
"male",21,"3,75",4,6,"6,5","4,66666666666667","3,2",4,"5,33333333333333"
"female",22,"4,75","3,4",7,6,"5,33333333333333","4,2","5,75","6,33333333333333"
"male",22,"5,75","1,2","6,33333333333333",7,"6,66666666666667","5,4","5,5",7
"male",21,5,"2,2","6,66666666666667","4,5","4,33333333333333",4,4,"5,33333333333333"
"female",21,"4,25",2,"6,33333333333333",7,"4,33333333333333","4,8",5,7
"female",22,"4,5","4,4","2,33333333333333","6,5","1,66666666666667","2,8","3,5",5
"female",40,4,5,4,4,"4,33333333333333","3,8","5,5",3
"male",20,3,"2,8","6,33333333333333",7,"4,66666666666667","3,8","3,75",1
"male",35,"3,5","4,8","3,66666666666667","6,5",5,"5,8",6,6
"male",20,4,"3,8","5,66666666666667",7,"3,33333333333333","5,4","5,25","5,66666666666667"
"male",28,3,"4,4",6,7,5,4,5,"4,66666666666667"
"male",20,1,"4,8",5,7,5,"5,8","2,5",5
"male",22,4,3,5,6,5,"5,2","5,75",7
"male",28,"5,25","1,4","6,33333333333333","4,5","5,66666666666667","3,8",6,7
"female",25,"4,75","2,8","4,66666666666667","6,5","3,33333333333333","3,8","3,75","5,33333333333333"
"male",23,1,5,3,"5,5",6,3,5,"1,33333333333333"
"male",26,5,"3,4","5,33333333333333",5,"4,33333333333333","5,2",5,6
"male",23,4,"4,4",5,"4,5","4,33333333333333","4,4","4,5",7
"male",21,"5,75",1,"5,66666666666667","6,5",6,3,6,7
"male",32,4,"4,6","6,66666666666667",7,"4,66666666666667","6,2","6,25",7
"female",28,5,"1,6","6,66666666666667",4,4,4,4,"6,66666666666667"
"male",23,"5,25","1,8",7,"6,5","6,33333333333333","5,4",6,"6,33333333333333"
"male",21,"4,5","2,6","5,33333333333333",5,5,"4,4",5,6
"female",20,"3,5","4,2",3,"6,5",4,"4,2","4,5",5
"female",20,"2,5","5,8",5,6,"3,33333333333333","5,8",6,"4,33333333333333"
"male",21,3,"1,4","3,66666666666667",4,6,4,"5,75","6,66666666666667"
"male",19,"4,75",3,"1,66666666666667","3,5",4,"4,6","4,25","5,33333333333333"
"male",27,5,"2,6",4,4,4,4,4,6
"male",31,"2,5",1,"6,33333333333333",5,7,"4,4",6,7
"male",24,6,2,6,4,"6,66666666666667","5,8",6,7
"male",28,4,"3,4",6,7,"5,66666666666667",5,"5,25","5,33333333333333"
"male",22,3,"4,6",6,7,"4,33333333333333","5,2",5,"4,66666666666667"
"female",22,"5,25","3,6","4,66666666666667",2,"6,33333333333333","2,6","5,25",7
"male",21,3,"3,6","2,66666666666667","6,5","5,66666666666667","3,4","5,25","4,33333333333333"
"male",23,"3,25","2,4","3,66666666666667",6,7,"5,8","5,75",5
"male",21,5,"1,2",7,7,4,"4,4","6,25","6,66666666666667"
"male",30,"4,25","6,4","4,33333333333333",7,"1,66666666666667","4,4","4,75","1,33333333333333"
"male",26,4,"2,6",5,2,4,"5,6",5,"6,66666666666667"
"female",23,"1,5",4,"3,66666666666667",5,"2,66666666666667","4,8","1,75","3,33333333333333"
"female",20,4,4,4,4,"3,66666666666667",4,"4,25",4
"female",24,5,"2,2","6,33333333333333","6,5","5,66666666666667","4,8","6,25","5,66666666666667"
"male",23,"2,75",1,7,7,"5,66666666666667","4,6",5,6
"male",21,"4,5","3,2","5,33333333333333","5,5","5,33333333333333","4,6",5,"5,66666666666667"
"female",29,"4,25",2,3,"5,5","3,66666666666667","5,6","5,25",7
"male",25,"4,5","2,4","3,33333333333333",7,6,"4,8",5,"4,66666666666667"
"male",25,7,"1,4",7,"3,5",6,"3,6","6,25",7
"female",26,"6,5",1,"2,33333333333333","6,5",6,"5,4","6,25","6,33333333333333"
"female",24,"1,75","3,2",6,"6,5",6,"4,2","4,25",5
"female",27,"5,5","3,2","6,33333333333333",6,"5,33333333333333","5,4","6,5",5
"female",20,4,2,"3,66666666666667","6,5","3,66666666666667","3,8","5,25",4
"male",22,"4,5","3,4",6,6,5,4,"3,75",7
"female",21,5,3,4,"6,5","3,33333333333333",6,"5,25","4,66666666666667"
"male",42,7,3,7,4,"4,33333333333333","3,4",7,7
"male",22,"6,25","2,8",7,"6,5","4,33333333333333","4,6",5,"4,66666666666667"
"female",21,"4,5","2,4","6,33333333333333",5,"5,66666666666667","5,2","5,75","6,33333333333333"
"female",20,"3,5","3,4","3,66666666666667","6,5","4,33333333333333","3,4","3,75","3,66666666666667"
"male",21,"1,25",7,"3,33333333333333",7,5,"5,8","6,25",5
"male",20,"1,5",3,6,7,6,"6,2","5,75","2,66666666666667"
"female",45,5,"2,8",3,"4,5","3,66666666666667","4,8","4,5","3,66666666666667"
"male",26,"5,25",2,6,"6,5","6,66666666666667","5,2",6,6
"male",23,"4,75","1,4",5,7,7,"4,6","6,5","6,66666666666667"
"male",27,4,"2,4",5,7,"2,66666666666667","4,8","6,5","2,33333333333333"
"male",24,"2,5","2,8","4,33333333333333",7,"4,66666666666667",5,"3,75",2
"male",28,7,2,7,"6,5","4,66666666666667","5,6",4,7
"male",23,"5,75",1,"6,66666666666667","1,5","6,66666666666667","3,4",7,"6,33333333333333"
"male",24,"2,5","5,6",7,7,"5,66666666666667","5,8",6,"4,66666666666667"
"male",24,"2,75",6,"6,66666666666667","6,5",6,"5,8","6,25",4
"male",20,4,1,"5,33333333333333",7,7,"4,2","4,75",5
"female",20,"3,25","5,2","3,66666666666667",3,"3,66666666666667","3,4","4,75","4,66666666666667"
"female",25,"5,75",2,"4,66666666666667","6,5","4,66666666666667",2,7,6
"male",23,"4,5","3,8","5,33333333333333",7,6,"5,6",6,"3,33333333333333"
"male",28,"4,25","4,6",5,7,"4,33333333333333","3,6","5,5",5
"male",29,"4,75",2,"6,33333333333333","4,5",5,"4,2","5,75",7
"male",21,"3,5",5,"3,66666666666667","6,5","5,33333333333333",4,"4,5","5,66666666666667"
"male",22,"3,5",3,"6,66666666666667",7,"6,66666666666667","5,8",6,"5,66666666666667"
"male",21,"2,75","5,4","4,33333333333333","5,5","5,33333333333333","4,6","4,75",5
"male",21,"2,75",1,6,"6,5","4,66666666666667","3,2",6,"6,33333333333333"
"female",29,"3,75","6,4","4,33333333333333",7,"6,33333333333333","5,4",5,2
"female",23,"4,75","4,8","2,66666666666667",7,4,"5,6","4,75","4,66666666666667"
"female",19,"4,75","6,4","4,66666666666667",2,"4,66666666666667","4,8","6,25",7
"male",22,"4,5","4,4",6,"6,5",6,"4,8","5,75","3,66666666666667"
"female",26,"3,5","5,2","3,33333333333333",5,"2,33333333333333",5,4,"4,33333333333333"
"male",22,"2,75","2,2","5,33333333333333",4,"6,66666666666667","6,4","6,25","6,66666666666667"
"male",25,"5,5","4,2","2,66666666666667",5,"3,33333333333333","5,2","5,75",7
"male",36,"4,5","3,8",6,"6,5",6,"3,8","5,5","5,33333333333333"
"female",20,"3,5","3,4",5,6,"2,33333333333333",6,5,"4,33333333333333"
"female",22,"3,25","2,4","6,66666666666667",3,"2,33333333333333","2,2","2,5","6,33333333333333"
"female",29,4,"4,6",5,5,"5,66666666666667","3,8","5,75",7
"female",40,"3,5",1,7,7,5,"5,4",6,"6,33333333333333"
"male",23,"3,5",1,7,7,"6,66666666666667","6,8","6,5",7
"male",25,"6,75","4,2","6,33333333333333",5,"3,33333333333333","3,4","5,25","6,33333333333333"
"female",40,"4,5","3,4",6,7,"4,33333333333333","4,6","5,5",5
"male",26,"5,5",1,7,7,6,"6,8","6,5","6,33333333333333"
"male",29,"2,75",1,7,4,"6,66666666666667","3,8","6,5",7
"male",30,7,1,7,7,"5,66666666666667",4,"5,25",6
"female",22,"4,25","1,6","4,66666666666667",7,"4,66666666666667",7,"5,25",6
"female",29,6,1,"4,66666666666667",4,3,2,"4,75","5,33333333333333"
"male",30,"4,5","3,4","5,66666666666667",6,"4,66666666666667","4,6","4,5",5
"male",26,"5,75",1,"6,33333333333333",5,"5,33333333333333","3,4",7,7
"female",25,"1,5",2,6,4,"3,66666666666667","4,2",4,"3,33333333333333"
"male",33,"6,75","2,6",7,7,"5,66666666666667",4,"6,75","5,33333333333333"
"female",25,"4,5","3,8",6,"4,5","4,66666666666667","3,8","5,75",7
"female",51,"5,75","3,8",5,6,4,"4,6",4,"5,33333333333333"
"female",23,"4,5","3,4",5,6,"4,33333333333333","4,8","5,5","6,33333333333333"
"female",21,3,6,"3,33333333333333",6,"5,33333333333333","5,2","5,75",7
"female",21,3,6,"3,33333333333333",6,"5,33333333333333","5,2","5,75",7
"male",21,"4,5",4,"4,33333333333333","5,5","4,33333333333333","3,8","4,75","4,33333333333333"
"male",21,"4,75","4,4",5,7,"6,66666666666667","5,6","6,5","5,33333333333333"
"male",23,3,"2,8",5,7,"4,66666666666667","4,6","5,25","3,66666666666667"
"female",22,"4,75",1,6,5,5,"4,4",5,7
"male",20,"4,25",2,6,"6,5","6,33333333333333","5,2","5,25",5
"female",31,6,"5,6",7,"5,5","3,66666666666667",6,7,"5,33333333333333"
"female",29,"3,25","6,4",4,7,"6,33333333333333","5,6","6,25","2,66666666666667"
"female",21,"5,25","3,6",5,"3,5","4,66666666666667",4,"6,25","4,33333333333333"
"male",24,"4,25",1,"3,66666666666667",4,6,"4,4","5,75",7
"female",26,3,"3,6","3,33333333333333",5,3,"5,2","3,5","3,66666666666667"
"male",22,"2,75","2,6",6,"6,5",5,"5,6","5,25","6,66666666666667"
"female",28,1,"6,4","5,66666666666667",6,"5,33333333333333","5,8","5,5",4
"male",32,"6,25",3,"5,33333333333333",1,"5,33333333333333","4,4","5,25","6,33333333333333"
"female",23,"5,75",3,6,5,4,4,"4,5","5,66666666666667"
"male",42,"5,75","1,4","6,33333333333333",6,6,5,"5,5",6
"male",26,"1,5","4,6",5,7,"5,66666666666667","4,4","4,75",4
"male",23,6,"3,2",4,5,4,4,"3,75","1,33333333333333"
"male",30,"3,5","2,4","6,33333333333333",4,7,3,5,"6,66666666666667"
"female",24,1,"4,4","2,66666666666667",7,5,"3,2",5,"4,33333333333333"
"male",20,"5,75","2,8",7,7,"4,66666666666667","2,8","4,5","5,33333333333333"
"female",39,4,1,7,7,"2,33333333333333","6,6",4,6
"male",21,"5,75","3,4",6,6,6,"5,4","6,25",7
"male",21,"3,25","5,2",7,7,"6,33333333333333",7,7,"2,33333333333333"
"male",27,"4,25",2,6,5,"5,33333333333333","5,8","5,5",7
"female",41,"2,25","4,2","2,33333333333333",7,"5,33333333333333","5,6",6,"5,66666666666667"
"female",22,"1,75","2,8",6,"6,5","2,33333333333333","6,2","5,75",4
"female",30,"5,25","5,6","3,33333333333333","4,5",2,"4,8",6,4
"male",30,"3,5","3,4","5,66666666666667",2,5,"2,8","6,75",7
"male",22,1,7,3,7,7,5,"6,25",3
"male",24,"3,75","4,6","6,66666666666667",7,"6,66666666666667","4,2",6,"3,66666666666667"
"female",26,4,6,3,6,3,"4,4","3,5","1,33333333333333"
"male",25,1,6,2,7,6,"5,2","4,5","3,66666666666667"
"female",23,"4,75","2,6","4,66666666666667","4,5","5,66666666666667","5,6",5,6
"female",40,5,"2,6",5,6,"3,33333333333333","3,2","4,75","6,33333333333333"
"male",25,"4,75",3,6,7,"4,33333333333333","4,6",7,6
"female",24,2,7,2,7,1,"5,6",4,"1,33333333333333"
"male",25,"6,75","1,4",7,6,"6,33333333333333","3,8","6,5",7
"male",19,2,"3,4","2,66666666666667",2,"5,66666666666667","4,2","5,75",7
"female",23,"2,5","4,6","2,33333333333333",5,6,"4,4","6,25",6
"female",45,5,2,5,7,"1,66666666666667",4,"4,75","5,33333333333333"
"female",25,"4,75","1,8",7,"4,5","6,33333333333333","4,4","5,75","6,33333333333333"
"female",18,"4,25","4,4","5,33333333333333","6,5","4,33333333333333","5,2",5,4
"male",20,"2,25",6,"4,66666666666667","6,5","6,33333333333333","5,2","6,25","3,66666666666667"
"male",27,"1,75",5,"6,66666666666667",7,3,"4,2","6,5","3,33333333333333"
"male",20,"4,5","2,8","6,33333333333333","5,5","5,66666666666667","5,6","4,5","5,66666666666667"
"female",49,"4,75","3,2",5,5,4,"4,2","4,75",5
"male",22,"6,25","2,4",6,"6,5","6,33333333333333","5,6","6,25","6,66666666666667"
"male",24,"5,5","3,8",7,6,"4,33333333333333","4,6","5,5",7
"female",47,"6,75",3,6,7,5,"6,6",6,5
"male",20,1,7,"1,66666666666667",7,"4,66666666666667","4,8","4,75",1
"female",22,"2,75","4,8",1,7,"2,33333333333333",7,"6,75",3
"female",20,4,"3,6","3,66666666666667",5,"3,33333333333333","4,2","4,5","5,66666666666667"
"female",34,5,2,"5,66666666666667",6,"5,33333333333333","4,2","4,25","3,33333333333333"
"female",27,"2,75","4,6","2,66666666666667",6,"3,66666666666667",2,"3,75",4
"female",45,"3,75",4,7,1,5,5,"6,5",6
"male",23,"4,25","1,8",5,"5,5","5,33333333333333",4,"4,5","3,66666666666667"
"female",23,"4,25","6,4",4,5,"5,33333333333333","6,2",5,"5,66666666666667"
"male",21,"1,5","2,8",5,7,5,"4,2",6,"4,33333333333333"
"female",21,"2,5",6,"4,33333333333333",7,4,3,6,"5,66666666666667"
"male",23,"6,5","3,4",7,"5,5",5,"6,8","6,75",7
"male",20,"4,75","1,2","4,66666666666667",6,"5,66666666666667","3,6","5,25",7
"male",23,3,"2,6",6,7,6,"4,2","5,75","3,66666666666667"
"female",21,"2,5","3,4","3,66666666666667","6,5","3,66666666666667","5,4","3,75","4,33333333333333"
"male",28,"4,25",1,7,6,"5,66666666666667","2,4","6,75","6,66666666666667"
"female",21,"5,25",5,"5,33333333333333",6,"4,33333333333333",5,"4,75","4,33333333333333"
"male",23,7,1,7,6,"6,66666666666667","3,8",7,7
"female",39,"4,5","3,4",7,"6,5","3,33333333333333","3,8",4,"5,33333333333333"
"female",24,4,"3,8",4,"5,5",5,"3,8","4,75",4
"male",24,"4,25","2,8",6,"5,5","3,66666666666667","5,8","4,5",4
"female",29,2,"2,2",4,6,"3,66666666666667","4,8","5,5","5,66666666666667"
"female",44,"3,5",5,2,5,3,4,3,3
"male",21,"1,75","2,6","5,33333333333333","6,5","4,66666666666667",4,4,"4,66666666666667"
"male",21,"3,5","5,8",5,7,5,"4,8",5,6
"male",23,"5,25",1,"5,33333333333333",6,6,"3,2",6,"6,66666666666667"
"female",30,"5,25",1,6,"6,5","3,66666666666667","4,2","4,5",6
"male",20,"2,75",6,2,"6,5","5,66666666666667","4,2",3,"5,66666666666667"
"male",21,"5,5","3,2","6,33333333333333","6,5","6,33333333333333","4,6","5,75",7
"male",20,"1,25",5,7,7,"6,66666666666667","6,8","6,25","6,33333333333333"
"male",21,5,3,7,"6,5",7,"4,2","4,75",6
"male",22,"3,5","3,4",6,"6,5","5,33333333333333","5,4","5,75",6
"female",21,"4,25",5,"4,33333333333333",7,"4,33333333333333","4,2",6,"4,66666666666667"
"female",19,"3,5","2,2","6,33333333333333",7,2,"4,6","4,25",4
"male",25,4,1,7,7,6,3,"6,75",7
"female",46,"4,5","3,8","4,33333333333333",6,1,"4,4",3,4
"female",25,6,"1,8","4,66666666666667",3,5,"3,4","5,5",7
"male",25,"2,75","4,2","5,66666666666667",7,"3,66666666666667","3,8","5,5",6
"male",25,4,"5,6","6,33333333333333","6,5","6,66666666666667",6,"5,5",7
"male",23,"3,25","4,8","4,66666666666667",7,7,5,"5,25","5,33333333333333"
"male",21,"5,25","5,4","4,33333333333333",6,"6,66666666666667","4,4","5,25","4,33333333333333"
"male",24,"6,75","2,8",7,5,5,"5,4","6,25","6,33333333333333"
"male",23,"3,75","4,6","2,66666666666667",7,7,"5,2","5,5",4
"male",19,3,5,"6,33333333333333",7,"3,33333333333333",5,"4,75","4,66666666666667"
"female",27,5,"4,6",2,"6,5","5,66666666666667","3,4","5,75","4,66666666666667"
"male",24,"4,5",2,5,5,5,"4,6",5,6
"male",30,6,1,5,"4,5","5,33333333333333","2,8","5,75",7
"male",21,5,6,"5,33333333333333",6,"5,33333333333333",5,"5,25",5
"male",25,"4,75","2,4","6,66666666666667",4,"4,33333333333333","3,8","5,5","4,66666666666667"
"male",20,"2,25","5,6","2,33333333333333",6,"5,33333333333333",6,6,"6,66666666666667"
"male",27,"2,5","2,8","6,33333333333333","5,5",7,"5,4","6,25",7
"male",20,"2,25","6,8",7,7,7,"5,6",6,"2,33333333333333"
"female",21,"4,75","5,8",7,6,"6,66666666666667","5,6","5,5","6,33333333333333"
"male",42,"5,5","2,8","5,33333333333333","5,5",6,3,"4,25",7
"female",40,2,"4,6",2,4,4,5,"4,5","3,66666666666667"
"male",32,7,"2,6",5,7,"5,66666666666667","3,2","5,5","5,33333333333333"
"male",22,"3,5","4,2","6,66666666666667",7,"6,33333333333333","5,6","5,5",5
"female",32,"1,25","1,8",4,4,"3,66666666666667","1,2","2,75","1,33333333333333"
"male",19,7,"2,2",7,7,4,4,"6,25",5
"male",20,"5,25",3,"5,33333333333333",7,6,"3,6",5,"5,66666666666667"
"male",21,"2,5","2,2",6,"6,5","3,66666666666667","4,2","6,25","4,33333333333333"
"male",33,4,"2,2","4,33333333333333",6,7,4,7,"6,66666666666667"
"female",19,"5,5","3,8","5,66666666666667",7,6,"4,6","5,75","5,33333333333333"
"male",48,"4,5","3,2","5,33333333333333","4,5","4,66666666666667",5,"4,75",7
"male",22,"5,75","2,6",7,7,5,"5,6","5,5","5,33333333333333"
"male",23,6,1,7,"2,5",7,4,7,6
"female",22,"2,75",6,2,7,3,3,"4,5",4
"male",22,"2,25","2,2","5,33333333333333","6,5","3,66666666666667","5,4","4,75",5
"male",22,2,"2,8",7,5,5,"4,4","4,5",7
"female",21,5,"1,8",5,"6,5","4,66666666666667",6,6,"6,33333333333333"
"male",33,"2,75","1,8","6,33333333333333",7,6,"5,8","4,5","5,33333333333333"
"female",21,4,4,4,4,4,4,4,7
"female",34,"4,5",7,2,7,"4,33333333333333","3,6","5,25",1
"male",45,"4,25",2,"4,33333333333333",5,5,5,5,"4,66666666666667"
"male",28,"6,75","1,6",7,5,6,4,6,7
"female",27,5,"5,2","3,66666666666667",4,"4,66666666666667","4,2","5,75","4,33333333333333"
"male",25,"1,5","5,6",6,7,"4,33333333333333","6,4",5,"3,33333333333333"
"male",21,"3,25",2,7,"3,5",1,"5,4","2,25","6,33333333333333"
"male",34,4,"3,6",5,"4,5",4,"4,4","4,5","5,66666666666667"
"male",21,"5,25","3,4","3,33333333333333",6,"4,33333333333333","3,8","5,75",7
"male",31,"4,75",2,"6,33333333333333","5,5","5,33333333333333","3,8","5,5",7
"male",22,"3,25","5,8",5,"4,5","5,66666666666667","5,2","5,5",6
"male",21,1,"3,6",3,"6,5","3,66666666666667","4,6","5,5","5,33333333333333"
"female",20,4,"4,4","3,33333333333333","6,5",4,"5,8","4,5","5,33333333333333"
"male",21,6,"3,2",6,"5,5","5,66666666666667","5,2","5,5",5
"male",34,6,2,"6,33333333333333","3,5","4,66666666666667","5,4",5,"6,66666666666667"
"female",19,"1,5","1,2",4,"1,5","5,33333333333333","2,8",3,5
"male",37,1,"4,2",4,6,"4,66666666666667","3,6","4,5","1,66666666666667"
"female",22,"4,75","3,8",6,6,"1,66666666666667","3,6","5,5","3,66666666666667"
"male",20,1,1,1,1,1,1,1,"6,33333333333333"
"male",25,"5,25",4,6,7,"5,33333333333333","5,4","4,5",4
"male",20,"4,5","2,4","5,66666666666667",6,"5,66666666666667","5,8","5,5","6,33333333333333"
"female",33,"3,75",4,4,4,5,"3,4",5,5
"male",22,2,"4,2",7,6,"2,33333333333333","2,4","2,25",5
"female",40,"5,5",1,7,5,5,"4,8","6,25",7
"female",21,"4,25","4,8","3,66666666666667",7,6,"4,4","4,75",6
"male",41,"1,75",5,5,7,"4,66666666666667","4,6","5,75","5,33333333333333"
"male",24,"6,5","1,4","6,66666666666667","4,5",5,3,"6,25",7
"male",19,"2,25","5,2","4,66666666666667","6,5","3,33333333333333",4,4,4
"male",20,"4,5","3,6",6,"6,5",4,"4,6",5,"4,66666666666667"
"male",20,"4,25","3,6",5,"4,5","5,66666666666667","6,2",6,7
"female",27,5,2,"5,66666666666667",4,4,"4,6",5,3
"female",23,"4,5",4,"2,66666666666667",6,"2,33333333333333",5,5,"5,33333333333333"
"male",29,5,2,"6,33333333333333","6,5","5,33333333333333",5,"5,75","6,33333333333333"
"male",19,"6,25","3,4","2,66666666666667","6,5","3,33333333333333","2,6","5,75",4
"female",26,"3,5",5,"4,66666666666667","5,5","4,33333333333333","4,6","4,75","4,66666666666667"
"male",33,"4,5","1,6","3,66666666666667","6,5",5,"5,2","5,25","3,66666666666667"
"female",47,"4,75",4,"5,33333333333333","6,5","4,66666666666667",4,"5,5","4,66666666666667"
"male",21,3,"1,4",7,"5,5",5,"4,4","5,75","6,33333333333333"
"female",22,5,"2,8",7,"5,5","2,66666666666667","6,4","4,5",6
"male",24,"5,75",1,7,1,6,"3,6","4,75",7
"male",50,"4,5","2,4","5,33333333333333","5,5",4,"4,6",5,"1,66666666666667"
"male",22,"3,5",1,4,7,"4,66666666666667",6,2,3
"male",24,3,"4,4",4,5,5,5,"5,25","4,66666666666667"
"male",33,7,6,"6,66666666666667",4,"3,66666666666667","4,4","5,75","6,33333333333333"
"female",22,"4,25","4,2","3,33333333333333","5,5","4,66666666666667","3,8","4,75","5,66666666666667"
"female",26,5,1,"6,66666666666667",7,"3,66666666666667",5,"5,5",6
"female",42,"5,25","3,2",6,6,"2,66666666666667","3,8","4,75",5
"female",21,"4,25","3,8",4,7,"1,66666666666667","5,2","6,75","5,66666666666667"
"female",24,"3,75",5,"2,66666666666667",7,4,"5,4","4,25","3,33333333333333"
"male",27,"2,75","6,8","3,66666666666667",7,"4,33333333333333",5,"5,25","3,66666666666667"
"male",22,5,"4,2",5,7,"3,66666666666667","4,4","4,5",7
"male",23,"1,5",2,"1,66666666666667",5,"5,33333333333333",4,2,"2,33333333333333"
"male",23,5,"1,2","6,33333333333333",7,"4,33333333333333","4,4","6,25","6,66666666666667"
"female",23,"5,5",4,"3,66666666666667","4,5",2,"4,2","4,25",7
"male",23,"4,75","2,6","4,66666666666667","6,5","5,33333333333333","5,2","5,75",4
"female",24,"4,5","2,8",7,"3,5","4,66666666666667","3,6","6,5",7
"male",19,"4,25","5,6",4,4,"4,66666666666667","4,8","5,5",6
"male",40,6,"2,6",5,"3,5","6,33333333333333",3,"6,25",7
"female",24,4,"4,4",6,"6,5",5,"3,8","4,5","5,66666666666667"
"male",21,"2,25",6,5,6,6,"3,6","5,5",4
"male",22,1,4,"5,66666666666667",7,"5,66666666666667","3,6","5,25",5
"male",22,"3,25","1,6","2,66666666666667","2,5","4,33333333333333","5,4","5,5","1,33333333333333"
"male",32,"5,25","3,8","5,33333333333333",7,"4,33333333333333",5,"3,25",4
"male",22,"4,5",3,"2,33333333333333","4,5","2,66666666666667",3,"3,25",5
"male",25,"4,5","3,2","6,66666666666667",5,"5,33333333333333","4,8","4,5","6,33333333333333"
"male",21,"4,75","2,6","6,33333333333333","6,5","5,33333333333333","4,4","6,25",7
"male",27,"2,75","4,4","6,33333333333333",7,"4,33333333333333",5,"4,75",5
"male",23,"4,25",4,6,6,"5,33333333333333","3,8","5,25",4
"male",21,"3,5","1,8","6,33333333333333","4,5",4,"3,4","5,25","6,66666666666667"
"male",19,"6,5","2,2",3,"3,5","6,33333333333333","4,2","6,75","6,66666666666667"
"male",20,5,"4,6",5,"6,5","4,66666666666667","5,8","5,5","3,66666666666667"
"male",27,"2,75","3,4",7,7,"6,66666666666667","6,2","6,25",7
"female",45,"4,25","5,8","5,33333333333333",6,"2,66666666666667",6,5,"2,33333333333333"
"male",28,"2,5","1,4","6,33333333333333",7,"6,66666666666667","4,8",6,"6,33333333333333"
"male",20,"5,75","3,2","4,33333333333333",6,"4,66666666666667","4,6","5,75","6,33333333333333"
"female",28,"2,75","3,8",5,6,2,"5,2",6,"4,66666666666667"
"female",28,"4,5","4,2","3,66666666666667",7,"4,66666666666667","4,6","3,75","3,33333333333333"
"female",22,"3,25","4,2",4,6,"4,66666666666667","5,4","5,75","4,33333333333333"
"male",22,"3,75","4,2",3,"5,5","4,33333333333333","4,4","4,75",5
"male",22,4,"4,2","5,33333333333333",7,"5,33333333333333","4,6","5,5",6
"female",19,"1,5","1,2",4,"1,5","5,33333333333333","2,8",3,5
"male",29,"5,25","4,4","4,66666666666667",6,"4,66666666666667","4,4","4,25","3,33333333333333"
"female",30,"4,5","3,8",3,6,"2,66666666666667","4,2","3,75","5,66666666666667"
"male",40,"4,5",2,6,7,5,5,6,"6,33333333333333"
"male",24,"5,5",1,"6,33333333333333",7,"6,66666666666667","3,4","5,75","6,33333333333333"
"female",40,"3,5",7,"4,66666666666667",5,1,"4,2","3,5","4,66666666666667"
"male",23,"6,75","1,8",6,6,"6,66666666666667","5,4","6,25","6,66666666666667"
"male",20,1,7,1,7,4,4,"6,5","3,33333333333333"
"female",23,"6,5","5,4","3,33333333333333",7,"3,66666666666667","3,8",5,"3,33333333333333"
"male",20,1,"1,8","3,33333333333333",7,"4,66666666666667","3,8",6,5
"male",25,"1,75","4,2",5,6,"5,33333333333333","3,6","5,25","6,33333333333333"
"male",40,6,1,"3,66666666666667",5,3,"3,4","3,5",7
"male",30,7,"2,2","5,33333333333333",5,7,"4,4","5,5",7
"female",26,1,7,7,7,"4,66666666666667","6,6",6,"3,33333333333333"
"male",30,"4,25",1,"5,66666666666667",4,6,"3,8","4,5","4,33333333333333"
"male",24,"5,5","2,2","6,33333333333333",4,6,"4,2",5,"6,33333333333333"
"male",25,"3,75","1,8",3,"6,5",6,"3,6","3,75",7
"female",20,"4,25",2,5,"5,5",4,"3,6",5,"4,33333333333333"
"male",23,"5,5",3,"2,66666666666667",6,6,"2,8","4,25",6
"male",23,"5,25",2,5,"5,5","3,66666666666667","2,2","2,5",6
"male",24,"4,25",2,5,"5,5","5,33333333333333",4,6,"4,66666666666667"
"male",23,"3,75",2,7,4,4,3,"5,5","4,33333333333333"
"male",19,"5,5","2,4","6,33333333333333",6,"5,66666666666667",4,6,7
"male",22,5,"1,2","6,33333333333333","6,5",5,"4,2","5,75","4,33333333333333"
"male",21,4,1,7,7,4,"4,2","5,75",7
"male",24,"4,5","3,6","2,66666666666667","6,5",5,6,4,"3,33333333333333"
"female",39,5,2,5,5,3,"2,4","2,5",6
"male",42,5,"1,4","6,33333333333333","4,5","4,33333333333333","4,2",5,"2,66666666666667"
"female",20,"2,5",6,"5,66666666666667",7,5,"3,8","4,25","4,33333333333333"
"male",23,"5,25",1,"6,33333333333333",6,"5,33333333333333","5,4","5,75","6,33333333333333"
"female",18,"3,75","6,2","6,33333333333333",7,"5,33333333333333","6,4","6,5","5,33333333333333"
"female",22,"4,5","4,2","6,66666666666667",6,"1,66666666666667",5,5,6
"female",19,3,2,"1,33333333333333","4,5","2,33333333333333","2,6",2,"1,33333333333333"
"male",24,"1,75","2,2","2,66666666666667","6,5",3,"3,6","1,75",3
"male",24,"1,75","2,2","2,66666666666667","6,5",3,"3,6","1,75",3
"male",33,"2,5","3,4","5,33333333333333",6,"4,33333333333333","5,2","5,75","5,33333333333333"
"female",26,"5,25","4,4","4,66666666666667",5,"4,66666666666667","4,8","4,5",4
"male",28,"3,5","5,2",4,6,"4,66666666666667","3,2","4,75","4,66666666666667"
"male",23,3,5,"5,33333333333333","6,5","5,33333333333333",6,"5,25","5,66666666666667"
"female",33,4,"2,6","5,33333333333333","6,5","5,33333333333333","5,8","5,25","6,33333333333333"
"female",20,2,"5,4",2,7,"5,33333333333333","5,8","3,5",4
"male",22,"5,25","4,2",4,6,"2,33333333333333","3,6","4,5",4
"male",20,"4,75","4,4",6,6,"5,66666666666667","5,6","6,25",6
"male",26,"6,75",3,6,4,7,"6,2",6,"4,33333333333333"
"male",22,"6,25",4,7,7,"6,66666666666667","6,4",7,7
"female",20,"4,75","4,2",5,6,"4,33333333333333","4,4","4,75",4
"male",23,"3,5","4,8","4,66666666666667",7,"5,66666666666667","4,2","5,75",4
"female",45,3,"4,8",5,4,"4,33333333333333","4,8","4,5",2
"male",22,"4,5","2,2","4,66666666666667",5,6,6,6,7
"female",34,"4,25","2,8","5,66666666666667",7,3,"3,8","5,75","2,66666666666667"
"male",30,1,1,7,7,6,6,6,"6,66666666666667"
"male",23,"4,75","3,6","6,33333333333333","4,5","6,33333333333333","4,4",6,"6,33333333333333"
"female",46,"4,25","3,6",5,6,"5,66666666666667","5,8",5,4
"male",22,4,4,"4,33333333333333","6,5",6,"4,4","5,5","4,33333333333333"
"female",48,4,5,"4,66666666666667","6,5","3,66666666666667","4,8","4,75","4,66666666666667"
"female",24,6,6,"4,66666666666667","5,5",6,6,"6,5",6
"male",32,4,4,2,4,"6,66666666666667","4,4","5,5",6
"male",21,"5,75","5,4","3,66666666666667",6,"4,33333333333333","5,2","5,5",7
"male",21,"5,25","3,4",7,6,"5,33333333333333","5,4","5,25","6,33333333333333"
"male",22,1,7,1,7,4,"6,4",5,"1,33333333333333"
"female",24,2,"3,6","4,66666666666667",6,"4,66666666666667","6,2",5,"3,33333333333333"
"male",23,2,2,4,6,7,"1,4",6,7
"female",21,4,4,4,4,4,4,4,7
"female",26,1,7,"3,66666666666667",7,5,"5,2",5,"4,66666666666667"
"male",21,"4,5","2,4","5,33333333333333",7,"5,33333333333333",6,"5,75",6
"male",37,"6,75",1,7,"4,5",7,"2,6",7,7
"male",19,"2,75","3,6",6,7,5,5,"5,75",7
"male",23,"6,25",2,3,5,2,"1,4",2,7
"female",19,"1,75","5,8","5,33333333333333",7,"4,33333333333333","5,6","5,75","4,33333333333333"
"male",19,"4,75","5,8","3,66666666666667","6,5",6,"5,4","5,5","6,66666666666667"
"male",44,"4,25","3,2",6,7,"5,33333333333333",6,"4,5","5,66666666666667"
"male",28,7,2,7,7,"6,33333333333333","5,6","6,75",7
"male",22,"6,75",1,"6,33333333333333",7,"3,66666666666667","3,6",5,7
"female",31,5,3,5,"6,5","4,33333333333333","4,2","5,25",4
"male",55,"4,5","3,8","5,66666666666667",6,4,"4,6","4,5",6
"female",41,4,"3,6",4,6,"1,33333333333333","5,4","2,5","3,66666666666667"
"male",20,"2,75","4,8",7,6,3,6,5,"6,33333333333333"
"female",21,"4,5",2,7,"6,5","2,33333333333333","6,2","6,25","5,66666666666667"
"male",26,"2,5",5,5,7,7,"5,8","5,25",3
"female",22,"4,25","4,2","3,33333333333333","5,5","4,66666666666667","3,8","4,75","5,66666666666667"
"male",23,5,"3,2",5,6,6,3,5,"5,33333333333333"
"female",18,3,"4,6","4,66666666666667","6,5","2,66666666666667","4,2","5,5","5,66666666666667"
"male",19,"5,5","1,8",6,5,6,"2,4","6,5","6,33333333333333"
"male",23,"6,5",2,6,3,6,3,"5,5",7
"male",33,6,"4,2",5,7,"5,66666666666667","5,4",6,"5,33333333333333"
"female",22,5,5,1,6,"4,33333333333333",4,"2,25","3,33333333333333"
"female",22,6,5,4,7,"6,33333333333333","5,4","6,75","6,33333333333333"
"male",28,2,6,2,7,"3,66666666666667","2,8","1,75","2,66666666666667"
"female",21,4,"3,4","4,66666666666667",6,"3,33333333333333","5,2","4,25",6
"male",25,"5,5","2,2",7,"6,5",7,"5,4","6,25",7
"male",25,"5,5","2,2",7,"6,5",7,"5,4","6,25",7
"male",23,"4,5","3,4","5,66666666666667",6,"5,33333333333333","3,6","5,5","6,66666666666667"
"male",22,"3,25","3,6","4,66666666666667","5,5",6,"3,8",5,"4,66666666666667"
"male",26,4,"2,2",7,6,"6,33333333333333","5,4",6,7
"female",20,"5,75","3,2",6,7,"4,33333333333333","4,6",6,"5,66666666666667"
"female",21,4,"2,6","5,66666666666667",5,"2,33333333333333","4,8",5,7
"male",21,3,"3,6",5,5,"4,33333333333333","4,4","4,5","3,33333333333333"
"male",25,"4,25",3,5,5,"5,66666666666667","4,6","5,25",6
"female",36,"4,5","2,6","2,66666666666667",7,"1,33333333333333","4,4","4,25","5,33333333333333"
"female",22,2,7,"4,66666666666667",6,"6,66666666666667","6,4","6,5","4,66666666666667"
"male",21,"5,25","2,2","5,66666666666667",6,4,"4,4",5,"5,33333333333333"
"male",21,"2,5",3,7,1,6,"2,8","6,75",7
"female",34,"5,25","2,2","6,66666666666667","6,5","4,66666666666667","4,6","5,75",7
"male",24,4,"2,2","4,66666666666667","6,5",6,"2,8","6,25",6
"female",23,"1,5","4,8",4,4,"3,33333333333333","3,6","2,25","4,33333333333333"
"female",24,"4,75",1,"6,33333333333333","5,5","3,66666666666667","4,6",4,"6,66666666666667"
"male",21,3,"2,4","5,66666666666667","5,5","4,66666666666667",4,"4,5",3
"female",26,5,"2,2",7,6,"5,33333333333333","4,8",6,7
"male",19,"4,5",3,"4,66666666666667",7,4,"3,6","5,25","4,66666666666667"
"male",24,"5,5","1,6",7,7,7,"4,4",7,7
"male",19,"5,75","2,4","6,66666666666667","5,5","5,66666666666667","4,8",6,6
"male",20,3,7,5,7,"6,33333333333333",5,"6,5",3
"female",29,"3,75",1,"6,66666666666667",6,"3,66666666666667","5,2","5,5",7
"male",25,7,1,7,3,7,"6,6","6,25",7
"male",21,"3,75","4,8",5,"6,5","5,33333333333333",4,"4,75","3,66666666666667"
"female",21,"2,75","6,6",6,"6,5",3,"5,2","4,5","1,33333333333333"
"male",26,"3,25","4,8","4,66666666666667",7,6,"5,6","5,5","4,33333333333333"
"female",26,3,"2,8",5,7,"3,33333333333333","4,6","4,75","4,66666666666667"
"male",20,"2,75","5,6",2,6,5,"4,6","4,25",4
"male",24,"2,5","3,4",3,7,"6,66666666666667","5,8","1,75","3,66666666666667"
"female",22,7,"4,2",6,7,"5,66666666666667",5,"6,25",7
"female",20,5,"2,2","5,66666666666667",6,5,3,5,"6,33333333333333"
"male",26,"6,5","3,4","6,33333333333333","4,5","5,66666666666667","3,6","6,75","6,66666666666667"
"male",22,"2,25","3,6","2,33333333333333",7,6,"3,8","6,75","4,33333333333333"
"female",24,"4,25","4,2","4,66666666666667","4,5",5,"3,8","5,5",4
"male",22,"3,75",2,6,7,7,"4,2",6,5
"male",20,"3,25",3,4,6,"4,66666666666667","4,2","4,25",7
"male",23,"4,25","2,4","2,33333333333333",7,5,"5,2","4,5",6
"male",24,"5,25","3,8","4,66666666666667","4,5","3,33333333333333","4,2","4,5","6,66666666666667"
"female",27,"1,75","5,6","4,66666666666667",6,"3,66666666666667","4,4","4,5","3,66666666666667"
"male",22,"1,75","1,2","5,66666666666667",7,"5,66666666666667","6,4",4,6
"female",22,"2,5","4,6","3,66666666666667",5,"4,33333333333333","3,6","4,25","3,66666666666667"
"male",25,"4,5","2,4","5,33333333333333","4,5",6,"3,4",6,7
"male",24,"3,25",1,7,1,7,5,7,2
"male",20,"4,5","3,2",5,7,1,"4,8",6,"1,33333333333333"
"female",45,"3,25","4,4","4,66666666666667",6,"2,33333333333333","4,4","5,5",5
"male",20,"6,5","3,4",1,7,"6,33333333333333","6,2","5,5","1,66666666666667"
"male",25,5,3,"4,33333333333333","5,5","6,33333333333333","4,2","4,75",7
"male",21,"2,5",6,"5,66666666666667","6,5",6,4,"4,75","4,66666666666667"
"female",46,"2,25",7,4,7,"5,66666666666667",6,"3,5",1
"female",23,"2,25","5,6",4,"6,5",4,"3,8","5,25","4,66666666666667"
"female",46,5,6,6,6,3,"4,6","4,5","4,33333333333333"
"male",22,"3,5","6,2","4,66666666666667",7,"4,33333333333333","3,2",4,1
"male",22,4,"5,4","4,66666666666667",7,2,"4,4","3,75","3,66666666666667"
"female",39,"2,25","4,4",6,5,"5,33333333333333","5,8","5,5",5
"male",23,"5,75",4,"3,66666666666667","5,5","2,66666666666667","2,8","4,5",6
"male",21,3,"2,8",5,7,"4,33333333333333","3,2",5,4
"female",30,2,"5,8","4,66666666666667","4,5",4,"6,8",6,5
"male",30,"2,25",1,"6,66666666666667",7,3,4,"4,75","4,66666666666667"
"male",26,4,"3,4",3,7,"4,33333333333333","4,8","4,25","5,33333333333333"
"male",20,"3,75","5,4",5,7,2,"5,4","5,25",5
"male",22,4,"3,6",4,"2,5",6,"5,6",4,"5,33333333333333"
"male",20,"5,75","2,6",6,6,"4,33333333333333",4,6,7
"male",21,"6,5",1,"6,66666666666667",7,5,"3,2",4,5
"male",22,"5,75","1,4",7,7,6,"3,4",6,"6,66666666666667"
"female",26,2,2,4,6,2,"4,4","4,25",7
"male",24,"4,25",3,"4,33333333333333","5,5",4,"4,2","4,25",5
"male",19,"6,5","3,8","5,66666666666667",7,6,"6,4",6,3
"male",20,"4,5","4,4",7,5,"5,66666666666667","5,4",6,"5,66666666666667"
"male",22,"4,75","3,6",7,"6,5",5,"3,6",6,5
"male",20,"4,75","3,2","5,66666666666667","5,5","5,33333333333333","3,8","4,75","5,33333333333333"
"male",23,4,"1,4",6,"6,5",6,5,"6,25","5,66666666666667"
"male",20,5,6,"6,33333333333333",7,7,"5,8",5,4
"female",28,3,1,5,6,"1,33333333333333","4,8","4,25","4,33333333333333"
"male",22,"3,5",1,7,7,7,7,7,1
"female",21,"4,75","4,2","2,66666666666667",7,"5,66666666666667","2,8",6,"5,66666666666667"
"female",21,"3,75","3,8","6,33333333333333",6,6,"4,2",6,"6,33333333333333"
"male",20,"4,25","1,6",7,"1,5","3,33333333333333","5,4","4,75","6,66666666666667"
"male",29,7,"2,2",7,6,"5,33333333333333","3,2","6,75",7
"male",38,1,1,6,"4,5","4,66666666666667","2,6","4,75",7
"female",19,2,5,1,7,6,6,6,"5,33333333333333"
"male",28,7,1,7,7,6,5,"5,5",7
"female",22,4,"3,6","3,66666666666667","4,5","3,66666666666667",4,"4,25","4,33333333333333"
"male",26,7,2,6,7,"5,33333333333333","3,6",5,2
"male",22,"3,25",1,6,"5,5","6,66666666666667","5,4","6,25","5,33333333333333"
"male",29,"5,5","1,8","5,33333333333333","6,5","6,33333333333333",5,6,"6,66666666666667"
"male",20,"3,25",3,"4,66666666666667","5,5",6,"3,2","6,5","6,66666666666667"
"male",21,2,"3,2","5,66666666666667","6,5","6,33333333333333","5,4",6,"6,33333333333333"
"male",28,"3,25","4,2","5,33333333333333",5,5,"4,2","5,25","6,66666666666667"
"male",23,6,2,"6,33333333333333",7,"5,66666666666667","4,2","4,75","3,33333333333333"
"male",22,3,"2,8",6,"6,5","3,33333333333333","2,8","4,75",5
"male",42,2,2,"3,66666666666667",3,4,4,4,"5,33333333333333"
"male",22,"3,5",2,"5,33333333333333","6,5",6,"4,6","4,75","6,33333333333333"
"female",47,"3,25",7,"5,66666666666667",7,"4,66666666666667","3,6","5,25","3,66666666666667"
"male",25,"6,5",1,"6,33333333333333",4,"6,33333333333333","3,2","5,75","6,33333333333333"
"female",25,"3,75","5,6",4,5,"5,33333333333333","4,8","5,5",6
"male",19,7,1,7,"3,5","6,33333333333333","1,8",7,7
"male",20,"5,25","2,4","6,66666666666667",6,4,"5,4","5,75","5,33333333333333"
"male",29,7,1,7,6,6,"4,4","6,75",7
"female",22,"4,75","5,4","3,66666666666667",5,"2,66666666666667","4,2","5,25","5,66666666666667"
"male",40,"6,5",1,7,6,7,"3,2",7,7
"female",18,"4,75","4,2",5,"6,5","4,33333333333333",5,"5,75","5,33333333333333"
"male",19,5,3,5,4,"4,66666666666667","4,8","4,75",6
"male",22,1,2,6,6,5,"6,6",6,"6,33333333333333"
"male",27,"5,25","2,6","5,66666666666667","6,5","4,66666666666667","4,4",4,"4,66666666666667"
"male",27,"6,75","1,6",7,5,"6,66666666666667",5,"5,25",7
"male",40,"5,25",1,"6,66666666666667","2,5",6,"5,2",6,7
"male",46,"4,25","3,8","4,33333333333333",5,"4,66666666666667","4,6","4,25","6,66666666666667"
"male",22,5,4,"6,33333333333333","4,5",5,5,6,6
"male",28,"3,25","5,8",3,6,"5,33333333333333","3,8","4,25",4
"male",33,6,"2,8","4,66666666666667","4,5","4,66666666666667","3,6","5,25","5,66666666666667"
"male",25,4,"3,4",7,7,"5,33333333333333","3,6","5,75","6,66666666666667"
"female",22,"2,5",6,3,6,"3,66666666666667",4,"4,5","3,66666666666667"
"male",27,"3,25","2,6","5,33333333333333",7,"4,66666666666667","4,8",5,7
"male",47,"6,25",2,"6,33333333333333","5,5","5,33333333333333","4,2",6,7
"female",20,4,4,"4,66666666666667","6,5","3,33333333333333","5,6",4,5
"male",35,"4,25",6,"4,33333333333333",6,"6,66666666666667","5,4",6,7
"female",19,"3,75",5,"6,33333333333333",7,"5,33333333333333","6,4","6,5",6
"female",35,"5,5","3,4",5,4,4,"3,2","4,75","5,66666666666667"
"female",54,"4,25","4,8","4,66666666666667",5,"3,33333333333333","4,2","4,25","4,66666666666667"
"male",33,"2,5","3,8","4,33333333333333",6,6,"6,2","5,25","4,33333333333333"
"male",23,"2,25",4,"4,33333333333333",6,6,"3,8","4,25","4,66666666666667"
"male",22,6,"3,8","5,33333333333333","4,5","5,33333333333333",4,"5,75","5,66666666666667"
"female",21,"2,75","3,4","6,66666666666667","6,5",5,"5,2","5,25","4,66666666666667"
"male",21,"4,75","3,8",7,7,4,"3,4","4,75",7
"female",49,"5,5",5,7,5,2,"3,4",4,"5,33333333333333"
"male",19,"3,75","6,4","2,66666666666667",7,"6,33333333333333","4,6",4,"4,66666666666667"
"female",55,"5,25",3,5,"4,5","2,66666666666667",3,"5,25",6
"female",23,4,5,"5,66666666666667",4,"6,66666666666667","4,8","2,75","4,66666666666667"
"male",22,"5,25","1,2",6,5,5,"3,4","4,25","4,66666666666667"
"female",23,"2,25","2,6","6,33333333333333",7,4,"5,2","5,75",5
"male",51,"5,5","4,6",7,7,"4,66666666666667","6,2","6,25",5
"female",27,"4,5","4,8","3,33333333333333",6,6,"6,6","6,25",6
"female",29,"3,5","3,2","2,66666666666667",6,"4,33333333333333","4,2","5,5","4,66666666666667"
"female",24,"4,25",2,6,"4,5","3,33333333333333","4,2","4,5",7
"female",19,"3,5","2,6",4,7,6,5,"2,5",6
"female",39,"2,25","4,4",6,5,"5,33333333333333","5,8","5,5",5
"female",20,"4,5",6,"4,66666666666667","6,5",2,"5,2","5,5","1,33333333333333"
"female",22,"6,25",4,"5,33333333333333",7,"6,33333333333333","3,8",7,7
"male",22,"6,5",1,"5,33333333333333","4,5",4,"4,2","3,25",7
"male",45,"4,75",3,"4,66666666666667",5,"5,66666666666667","3,8","5,25","6,33333333333333"
"female",19,4,"5,6",4,4,5,"4,2","4,5","3,33333333333333"
"male",21,"5,25","4,6",5,"6,5","3,33333333333333","4,4",4,7
"male",20,"5,5","4,8","4,66666666666667","4,5",5,"4,6","4,25",7
"female",47,"4,25","2,2","6,33333333333333",7,"4,33333333333333","3,8","4,75","2,33333333333333"
"female",19,3,5,"2,33333333333333",5,"5,33333333333333","5,4","5,5","4,66666666666667"
"female",22,"3,75","6,2","6,33333333333333",7,"6,66666666666667","6,2","5,75","4,66666666666667"
"male",23,"3,5","6,2",4,"6,5",5,"5,6","5,25","1,66666666666667"
"female",22,"3,75",5,"5,33333333333333",7,"3,33333333333333","4,6","4,5","4,66666666666667"
"female",20,"3,5","4,8","3,33333333333333",5,"4,33333333333333","4,8",4,"3,33333333333333"
"female",20,4,"5,2","6,33333333333333","6,5","1,33333333333333",5,"5,25",6
"female",20,4,"4,2","5,66666666666667",5,"3,66666666666667","4,6","4,25","4,66666666666667"
"male",21,"5,5",4,4,"6,5","5,66666666666667","5,4",5,"5,66666666666667"
"male",27,"1,75","6,4","5,66666666666667",7,"4,33333333333333","6,8","5,5",5
"male",30,"4,25","4,2","5,33333333333333","4,5",4,"4,2",4,4
"male",20,"5,5","1,2","5,33333333333333","4,5","6,66666666666667","1,6",7,"5,66666666666667"
"male",44,"4,5",5,6,"5,5","4,66666666666667",5,"3,75",5
"male",50,"4,5",4,"4,66666666666667",7,"4,33333333333333","6,6","5,25",3
"male",23,"4,5","3,2","6,66666666666667","6,5","6,33333333333333","5,2","5,75","5,33333333333333"
"male",21,5,"2,6","3,66666666666667",6,"4,66666666666667","5,6","4,5","6,33333333333333"
"male",22,"6,5","3,4",4,7,"5,33333333333333","3,8","4,25","4,33333333333333"
"female",48,"4,5","6,4","4,33333333333333",7,"2,33333333333333","4,6","4,75",2
"male",36,"2,75","2,8",5,"6,5",6,"3,6","5,5","1,66666666666667"
"male",19,3,1,"6,66666666666667",7,"4,33333333333333","5,4",6,"6,33333333333333"
"male",22,"3,5","4,2","5,33333333333333",4,"4,33333333333333",5,"5,25","3,66666666666667"
"female",44,"2,5",2,"1,33333333333333",6,5,"4,4","6,25",6
"male",26,"5,25","2,8",4,7,"4,66666666666667","4,4","3,5","3,33333333333333"
"female",51,"4,25","4,8",4,5,"3,66666666666667","4,4","4,5","4,66666666666667"
"male",21,"5,5","4,4",3,7,"6,33333333333333","3,8","4,25","6,33333333333333"
"male",28,"3,5","4,2","5,66666666666667",5,"5,66666666666667","5,8","4,5",6
"male",34,"4,25",1,7,4,5,4,"5,25",7
"male",21,5,"3,4","3,66666666666667",6,"5,33333333333333","2,8",4,4
"male",21,"3,5",3,3,"6,5","5,66666666666667","5,4","6,5","2,33333333333333"
"female",30,"3,75","4,6",4,6,1,"4,8","1,5","5,66666666666667"
"male",23,5,"1,8","6,66666666666667","3,5",4,4,"5,25","6,66666666666667"
"male",21,"1,5","2,6",1,7,7,"3,8","3,5","2,66666666666667"
"male",26,"3,75","2,6","6,66666666666667",6,6,"3,6",5,6
"female",20,"5,25","4,8","5,66666666666667",5,"4,33333333333333","4,8",5,"6,66666666666667"
"male",19,"4,75","3,8","4,33333333333333","3,5","5,33333333333333",5,"5,25","5,66666666666667"
"male",21,"4,25","2,6","4,66666666666667","6,5",7,"2,8","5,5","6,33333333333333"
"female",19,"4,5",5,6,6,6,6,6,"6,33333333333333"
"male",22,"3,25","4,8",6,"6,5","6,66666666666667",6,"5,75","5,66666666666667"
"male",19,"3,75","6,6","4,33333333333333","6,5","5,33333333333333",4,6,6
"male",21,7,2,"6,33333333333333",7,"4,33333333333333","4,4","4,25",5
"male",23,"2,25",6,5,7,"4,66666666666667","6,2",5,"4,66666666666667"
"female",33,"4,25","2,8","6,66666666666667","6,5","3,66666666666667","6,4",5,"5,33333333333333"
"male",25,7,1,7,"5,5","2,66666666666667","3,8",7,7
"male",20,4,6,"4,66666666666667","6,5",4,"5,8","5,75","5,66666666666667"
"male",23,5,2,"6,66666666666667",7,"3,33333333333333","5,2","3,5","4,66666666666667"
"male",21,6,"3,8",6,"6,5","6,33333333333333","4,6","5,5","4,33333333333333"
"male",23,"4,75",2,"5,33333333333333",7,5,5,"4,75","5,33333333333333"
"male",21,3,"1,8",7,6,6,"2,8","5,75","6,66666666666667"
"male",26,"4,5","2,8",6,"5,5","5,33333333333333","4,2","4,5",7
"male",20,"5,5",5,5,6,"1,66666666666667","1,4","1,25","5,33333333333333"
"male",23,"4,25",1,"3,66666666666667",6,6,"2,4","6,5",5
"female",20,6,6,3,"6,5","4,66666666666667",6,"5,25","4,66666666666667"
"male",28,"4,75","2,8",6,7,6,"5,2","5,25","4,66666666666667"
"male",20,"5,25","1,6",6,6,"4,33333333333333",4,7,6
"male",20,"2,5","4,2",6,6,"3,66666666666667","3,8","4,75",6
"female",22,7,5,"3,66666666666667",7,"2,33333333333333","3,4","4,25","4,33333333333333"
"male",31,4,"2,2",6,"2,5",5,"2,4","5,75","6,66666666666667"
"female",21,"4,25","4,6","5,66666666666667",6,2,"3,8","4,5","2,66666666666667"
"female",22,4,"4,8",4,7,5,"6,4",5,4
"male",21,"3,75",1,"6,33333333333333",5,"6,33333333333333","4,8","6,5",7
"male",45,"3,25","2,6",5,6,5,"4,8","4,5","4,33333333333333"
"female",32,"3,5",1,4,"3,5","4,66666666666667","3,4","5,5","5,33333333333333"
"male",26,"3,5","1,6","4,33333333333333",7,4,"4,2","4,75",4
"female",28,"3,75",3,"4,33333333333333",6,"3,66666666666667","3,4","4,75",6
"male",28,"1,5","2,8",4,5,"6,33333333333333","3,6",4,"4,66666666666667"
"male",28,"4,5","3,8",3,7,"6,66666666666667","4,8","4,5","1,33333333333333"
"female",23,"5,25","3,8","5,66666666666667",4,"4,33333333333333","2,8","5,5","6,33333333333333"
"male",29,"1,5","4,4",7,7,"5,66666666666667","6,4","4,5",7
"male",48,"5,75","3,6","5,33333333333333",6,5,"4,4","4,25","6,33333333333333"
"female",20,"2,5","1,8","5,33333333333333",6,2,"2,6","2,75",2
"male",19,"4,5","3,8",5,5,"3,66666666666667",4,"5,25","6,33333333333333"
"male",37,6,"1,6","6,66666666666667","5,5",6,"4,4",7,"6,33333333333333"
"female",24,"2,5","4,4","3,66666666666667",6,"4,66666666666667",5,"4,5","4,66666666666667"
"female",26,"4,75",6,"4,33333333333333","3,5",4,6,"3,75","6,33333333333333"
"female",20,"5,5","2,2","5,33333333333333",7,4,"4,4","4,75",7
"male",30,"1,5","2,6","5,33333333333333",1,"2,66666666666667",5,"6,5",7
"male",22,"4,75","2,4","5,33333333333333","3,5","3,66666666666667","2,6","5,25","5,66666666666667"
"male",31,"4,5","3,8",3,7,"4,66666666666667",4,5,"5,66666666666667"
"female",20,3,"5,8",4,7,4,"5,8",4,4
"female",21,"5,5","3,6",6,7,"5,66666666666667","4,2","5,75","6,33333333333333"
"male",26,4,"2,6",4,2,"4,33333333333333","4,4",4,7
"male",21,"4,5","1,6","5,33333333333333","6,5",6,"4,2","5,25","6,33333333333333"
"female",20,1,"6,4",4,7,"5,66666666666667","5,2",5,"1,33333333333333"
"female",23,4,5,"5,66666666666667","5,5",3,"4,4",5,5
"female",32,"4,5",1,6,6,"4,66666666666667","3,8",6,7
"female",21,"3,75","3,2","4,33333333333333",5,"3,33333333333333","3,6","4,25","5,66666666666667"
"female",24,4,"4,6","6,33333333333333",7,6,3,"6,75","3,66666666666667"
"male",42,"3,75","3,4","5,33333333333333",6,5,"4,8","4,25","5,33333333333333"
"female",44,1,7,"3,66666666666667",7,5,6,"5,5","3,33333333333333"
"female",21,4,"1,8",3,4,"3,66666666666667","6,4","5,25","5,66666666666667"
"male",33,4,"3,6",7,"5,5",7,"4,8","6,75",6
"male",20,"4,75","2,8",7,7,4,5,"5,5",6
"male",24,5,2,6,"6,5","5,66666666666667","6,2","6,75",7
"male",24,"4,25","2,6","6,33333333333333",7,3,6,"6,25","3,66666666666667"
"male",26,"6,75","1,4","6,33333333333333",7,7,"4,8","5,5",7
"male",29,6,"3,8","6,66666666666667",7,5,"5,4",6,4
"female",21,"3,5","3,8","3,66666666666667","3,5",2,2,2,5
"male",19,"4,25","3,4",6,7,3,3,3,7
"male",30,"6,25","6,2","5,33333333333333",6,"4,33333333333333",5,"4,75","5,33333333333333"
"female",20,"4,25",7,"4,33333333333333",7,5,7,"4,5","2,66666666666667"
"male",19,2,"2,4","3,33333333333333","5,5","5,33333333333333","4,4",6,4
"male",44,3,"2,6","4,33333333333333","4,5","4,33333333333333","4,4",5,"5,33333333333333"
"male",21,"4,5",3,"5,66666666666667","4,5",5,"4,8",4,4
"female",21,4,4,4,4,"3,66666666666667","4,2",3,"1,66666666666667"
"male",53,"3,5","3,8","3,66666666666667",7,"5,66666666666667","3,4","3,25",6
"male",31,"6,5","1,2","5,33333333333333",6,7,"2,2",7,"4,33333333333333"
"female",28,"4,5","2,4","5,66666666666667","6,5","4,33333333333333","3,6","4,5","6,33333333333333"
"male",22,"3,75","4,8","4,33333333333333",4,"3,33333333333333","4,4","5,25","5,33333333333333"
"male",35,"2,5",5,6,"6,5","3,33333333333333","3,4",5,"4,66666666666667"
"male",23,"5,5",1,"6,33333333333333",3,7,"2,2",7,7
"male",33,"3,25",1,6,4,7,7,"6,25",6
"male",23,"2,5",1,"5,66666666666667",7,"5,66666666666667","3,4","4,75","6,66666666666667"
"male",40,4,4,"4,33333333333333","4,5","4,33333333333333",4,"4,5",5
"male",43,4,4,5,6,"5,33333333333333","5,8","5,25","4,66666666666667"
"female",34,"4,5","3,8","4,33333333333333","4,5",5,5,"5,75",6
"male",22,5,"1,6",4,6,"4,33333333333333","4,6","5,5",7
"male",30,"4,75",3,"4,66666666666667","6,5",5,"5,8","4,5","5,66666666666667"
"male",20,"2,75","3,2","3,66666666666667",6,4,"3,4",4,"3,33333333333333"
"female",41,"3,25","2,6",6,7,"4,66666666666667","5,6","6,75","4,33333333333333"
"female",22,"4,75",6,5,6,5,"5,4",4,"3,33333333333333"
"male",23,"4,5","1,4","6,33333333333333","5,5","4,66666666666667","5,6","4,75",7
"female",39,4,4,"4,66666666666667",5,"2,66666666666667","2,6","4,75","5,33333333333333"
"male",45,"1,75","4,2",3,6,"5,66666666666667","2,8","5,75","3,33333333333333"
"female",23,"2,75","5,8",4,4,"4,33333333333333","6,8","5,5","3,66666666666667"
"male",24,"1,75","3,4","5,33333333333333",6,"5,33333333333333","3,6","3,5",7
"female",34,"4,75","5,4","4,66666666666667",6,3,"4,6","4,25","4,66666666666667"
"female",23,"4,75","3,2","5,66666666666667",4,"1,66666666666667","5,6",5,"6,33333333333333"
"female",35,5,"3,4",6,5,4,"3,2","4,25","6,33333333333333"
"female",45,"2,75",4,4,6,"3,33333333333333",5,5,7
"female",41,5,1,5,3,"4,66666666666667","3,6",5,6
"male",23,5,2,"6,66666666666667","6,5",7,"3,8","5,5","6,33333333333333"
"female",27,"4,75","2,6","6,33333333333333",7,5,"5,4","6,5","4,33333333333333"
"male",35,"2,75","3,8",5,6,"4,33333333333333","5,4",4,"3,33333333333333"
"female",52,"5,25","3,6",3,5,"2,33333333333333","3,4",4,3
"male",23,"3,5","2,6","4,66666666666667",7,3,"5,4",3,"3,33333333333333"
"female",32,"4,25","1,6","6,33333333333333",7,"3,33333333333333",5,"3,75","6,33333333333333"
"male",27,"3,75","5,2","5,66666666666667",7,"4,33333333333333","4,4","5,5","5,66666666666667"
"male",33,"3,25",1,6,4,7,7,"6,25",6
"male",41,"4,5","5,8",6,"6,5",7,7,6,6
"female",21,"5,25","3,4",6,6,"1,66666666666667","5,2",5,"6,66666666666667"
"male",20,5,3,"6,33333333333333",4,5,"4,8","5,25","6,33333333333333"
"male",21,"3,75",4,"5,33333333333333","5,5",5,5,"4,75","5,66666666666667"
"male",29,"2,25","4,6","6,33333333333333",7,"5,33333333333333","5,2","4,25","1,33333333333333"
"male",20,"3,75",2,"5,33333333333333",7,"5,33333333333333","5,8","5,75","5,33333333333333"
"male",20,"1,75",2,"5,33333333333333",7,"4,66666666666667","3,4","4,5",1
"female",19,"2,25",6,6,"5,5","5,33333333333333","5,4",5,"2,33333333333333"
"male",26,3,"1,4",5,5,7,3,"3,5","5,33333333333333"
"female",44,"1,75",4,"6,33333333333333","6,5","3,33333333333333",3,7,5
"female",20,"3,75","2,8",5,7,3,"4,4","4,5",4
"female",22,5,"2,8","5,33333333333333",6,"3,33333333333333",6,"5,5","5,33333333333333"
"female",29,"4,5","1,2",6,"2,5",5,"5,2","4,75","6,33333333333333"
"male",19,"6,75",1,7,5,"5,66666666666667","4,4","5,5",7
"female",27,"2,5","3,6",4,"5,5","1,66666666666667","4,8","4,5",5
"male",42,"1,75","5,2","6,33333333333333","2,5","4,33333333333333","1,6",1,"2,33333333333333"
"male",20,"6,25","3,2","5,33333333333333",4,5,"4,6","5,5",7
"male",19,"6,5","2,8","6,66666666666667","6,5","5,33333333333333","4,6","3,75","5,66666666666667"
"male",19,"3,5","2,8","5,33333333333333",7,6,"5,8","6,25","3,33333333333333"
"male",41,"6,75",1,6,3,"6,33333333333333","3,4","6,25","6,33333333333333"
"male",42,"2,75",3,"3,66666666666667",3,"5,66666666666667","5,8","6,25","6,33333333333333"
"female",23,3,"6,6",5,7,"4,66666666666667","5,6","3,75","4,66666666666667"
"male",28,"6,25","1,2",7,"4,5","6,66666666666667","6,8","6,5",7
"female",21,5,"4,2",5,"4,5",5,"5,6",6,"2,33333333333333"
"female",23,"3,25",7,"3,66666666666667",7,4,5,"4,5","1,33333333333333"
"male",23,"5,75","1,2","5,66666666666667",7,"5,66666666666667","3,8",7,"6,66666666666667"
"male",23,4,"1,8",5,4,6,"5,4",4,5
"male",47,"4,5","4,8",4,6,"4,66666666666667",6,5,"3,33333333333333"
"male",35,1,1,"3,66666666666667",4,7,"2,8",2,"4,33333333333333"
"male",58,7,4,"5,66666666666667","6,5","5,33333333333333","2,6","4,75","4,66666666666667"
"male",43,"5,25",3,"5,33333333333333",7,"5,33333333333333",4,"5,5","5,33333333333333"
"male",27,5,1,7,"6,5",5,"3,8","4,5",7
"male",23,"6,5",1,7,5,"5,33333333333333","6,4","4,5",7
"male",47,"6,25","1,6","3,66666666666667","3,5","5,66666666666667","3,2","6,25","6,66666666666667"
"male",22,"6,75","1,8",7,4,"6,66666666666667","4,6","5,5",7
"male",20,"3,5","4,8",6,"4,5",5,"5,4","5,75","3,66666666666667"
"female",65,"3,75","3,2",1,2,3,"2,6",4,"5,33333333333333"
"male",20,3,"4,4","6,66666666666667","6,5","3,33333333333333","4,2","4,75",7
"male",21,"3,5","2,8","2,33333333333333","4,5","5,66666666666667","4,6","4,25","2,66666666666667"
"male",19,"4,75",3,6,"6,5",7,"5,6","4,75","6,66666666666667"
"male",20,3,5,"3,66666666666667","6,5","3,33333333333333","5,2","4,75",4
"female",19,"4,25","4,6",5,"3,5",5,4,5,2
"female",20,4,"3,2",4,7,"6,33333333333333","2,6","6,5",7
"male",20,3,"1,4",7,7,"3,66666666666667",5,5,7
"male",22,"5,75","1,4","5,66666666666667","5,5","4,33333333333333",5,5,"5,33333333333333"
"female",23,"3,75","5,8","5,66666666666667",6,"1,66666666666667","5,4",5,4
"male",21,2,"2,8",4,"6,5","6,33333333333333","5,2","5,75","5,33333333333333"
"male",25,"4,75","2,8","4,33333333333333","5,5",5,"4,6","5,25",7
"female",39,"4,5",5,5,5,4,5,"3,75","3,66666666666667"
"female",19,"3,5","4,6","4,33333333333333",5,4,"3,6","4,75","2,66666666666667"
"female",20,"4,75","4,8","3,66666666666667",5,5,"4,2","4,5",6
"male",24,4,"3,6",3,"6,5",4,"4,8","5,75","5,66666666666667"
"male",20,2,"5,8","5,33333333333333",7,"5,33333333333333",6,5,7
"male",26,"6,5",1,"6,33333333333333","6,5","5,33333333333333",3,"2,25","4,66666666666667"
"male",19,5,1,6,"3,5",6,4,6,7
"male",25,"4,25",5,"6,33333333333333","6,5","5,66666666666667",6,"5,25","5,66666666666667"
"female",24,3,"5,4","4,33333333333333",7,"2,66666666666667","4,2","4,5",5
"male",20,"2,25","3,2",4,"4,5",3,3,"3,5","5,66666666666667"
"female",19,"3,75","5,4","3,33333333333333",6,"4,33333333333333","4,4",5,"3,33333333333333"
"male",37,7,"6,8",7,7,"4,66666666666667","4,4","4,5",4
"male",40,"3,75",1,"6,33333333333333","6,5",5,"2,4","4,75","3,66666666666667"
"female",21,"1,25","2,2","4,33333333333333","4,5","1,33333333333333",3,"4,25","5,33333333333333"
"female",32,"3,5",7,2,"6,5",4,"5,8","3,75",5
"male",35,1,2,4,6,5,5,5,4
"male",25,6,"5,8",3,2,"6,33333333333333",5,5,7
"male",38,3,3,"6,66666666666667",4,"6,66666666666667","3,4",6,7
"female",47,"3,75","5,2",6,"6,5","2,33333333333333","3,4","5,5",6
"female",19,7,"5,2",7,7,"4,33333333333333","5,6","5,75",7
"male",27,"3,25","3,4","4,66666666666667",6,"4,66666666666667","4,6",6,"4,33333333333333"
"male",21,4,"2,8","5,33333333333333",4,4,"4,6","4,25","3,33333333333333"
"male",22,4,2,"3,33333333333333",7,"4,66666666666667","3,4","4,5","3,66666666666667"
"male",23,"2,25",4,3,5,"4,33333333333333",5,"4,75","3,66666666666667"
"female",27,"4,5",6,6,"4,5","3,66666666666667","3,2","5,25","2,66666666666667"
"female",20,4,"2,2",4,5,"2,66666666666667","2,8","4,5","3,66666666666667"
"male",45,7,"2,8",5,6,4,"5,4","4,25","6,33333333333333"
"male",27,"2,5","3,4",3,7,"4,66666666666667","3,4",4,3
"male",23,"3,75","1,8",6,6,"5,66666666666667",4,"5,5","6,33333333333333"
"female",33,"1,25","3,6",1,6,"3,66666666666667","3,8","4,25",3
"male",22,"2,75","3,8",6,"6,5","4,66666666666667",5,"4,75","5,33333333333333"
"male",23,"4,75",1,7,"6,5","4,33333333333333","4,8","6,25",7
"female",22,6,2,6,6,"3,66666666666667","3,8","4,75","4,33333333333333"
"male",21,"5,5","1,8","5,33333333333333",7,6,6,6,"5,33333333333333"
"female",20,6,3,"6,66666666666667","5,5","4,66666666666667","4,6","4,75","5,33333333333333"
"male",23,5,"2,8","6,33333333333333","6,5","5,66666666666667","3,8","4,5",6
"male",26,"4,75","2,8",6,6,"6,33333333333333",4,"5,5","6,33333333333333"
"male",27,4,1,5,7,"2,33333333333333",3,2,"5,66666666666667"
"male",19,"2,25","2,2",6,7,6,"6,4",7,"6,33333333333333"
"male",21,"4,75",6,4,7,"3,33333333333333","3,8","4,75","3,66666666666667"
"male",22,"2,25","5,4",4,7,"3,66666666666667","4,6","5,5","2,33333333333333"
"male",22,"3,75","3,4","5,66666666666667","6,5",5,"4,2",5,"5,66666666666667"
"male",19,"5,75",1,"6,33333333333333","6,5",6,5,"6,25",7
"female",21,"2,75",5,"4,66666666666667","6,5","3,66666666666667","3,6",4,"2,33333333333333"
"female",22,5,3,"4,66666666666667",5,4,4,"4,25","4,66666666666667"
"male",23,3,5,"4,33333333333333",7,"6,66666666666667","4,4","3,25","3,66666666666667"
"female",23,"5,5","4,2","4,66666666666667","6,5","3,66666666666667","5,8","5,25","5,33333333333333"
"male",20,"2,5","2,4","5,33333333333333",6,"6,33333333333333",5,"5,75","5,66666666666667"
"male",23,3,"5,2","4,66666666666667",7,"4,33333333333333","4,8","4,5","3,33333333333333"
"male",34,"4,25","3,4",6,7,3,"4,2",4,5
"male",21,6,"3,8",6,7,5,"5,2",2,7
"male",23,1,1,"1,66666666666667",2,4,4,4,4
"male",26,"6,75",1,6,"6,5","6,66666666666667","3,8",5,"6,66666666666667"
"male",34,"6,25","1,4",7,"5,5","4,33333333333333","5,4","6,25",7
"male",22,"2,5","3,2",6,6,"4,66666666666667","4,8",4,7
"male",24,"4,25",3,5,6,5,"4,6","4,5","3,33333333333333"
"male",24,"5,5","2,2","5,66666666666667","5,5","5,66666666666667",5,5,7
"male",44,"4,25","1,8",7,4,3,"3,4","4,25","6,66666666666667"
"male",21,7,1,7,7,7,7,7,"5,33333333333333"
"male",20,"2,5","4,8","5,66666666666667","6,5","4,33333333333333","4,2",4,2
"male",23,7,5,"2,33333333333333","6,5",6,"4,2",6,"3,33333333333333"
"male",40,"2,75",5,"5,66666666666667","5,5","4,66666666666667","6,2","6,5","6,33333333333333"
"female",22,4,7,7,7,"6,33333333333333",6,"5,5","3,33333333333333"
"male",49,"5,75","2,4",7,7,"6,66666666666667","3,2","6,75",7
"male",22,5,"3,4","6,66666666666667",7,6,"2,2",6,4
"male",48,4,"3,8",4,6,"3,66666666666667","5,4","4,5",4
"male",19,"2,5","3,2","2,66666666666667",3,7,"6,6","5,75","3,66666666666667"
"male",37,5,"4,8","5,66666666666667","6,5",2,"6,4","4,5",6
"male",23,1,1,"1,66666666666667",2,4,4,4,4
"male",51,"6,25","2,6","5,66666666666667","5,5",6,"3,6",6,7
"female",27,"3,5","6,6",4,6,"4,33333333333333","4,8","3,75","3,66666666666667"
"female",27,"4,75","3,4",7,"5,5","3,66666666666667","4,4","4,75",7
"male",22,1,7,1,7,"3,66666666666667","5,8","5,75","3,66666666666667"
"male",25,"4,25","3,4","6,66666666666667","4,5","5,33333333333333","4,2","4,5","4,33333333333333"
"male",20,"5,5","3,2","6,66666666666667","4,5",7,"5,8","6,5","6,33333333333333"
"female",28,"6,75","2,2","3,33333333333333","1,5","6,66666666666667","6,2",6,7
"male",23,"5,25","4,4","5,66666666666667",6,5,5,"5,25","6,33333333333333"
"male",23,"3,5","3,6","5,33333333333333","4,5","5,33333333333333","4,4",6,"5,33333333333333"
"male",20,"4,25","2,8",4,5,"3,66666666666667",5,"5,5","4,66666666666667"
"male",24,"4,25","2,4","6,33333333333333","5,5","6,33333333333333","4,2","6,5","6,33333333333333"
"male",35,"6,25",2,"6,33333333333333",7,"5,66666666666667","4,4",6,6
"male",31,3,4,"1,33333333333333",7,"3,33333333333333","5,8","3,75","2,66666666666667"
"male",20,"3,5","5,6","3,66666666666667",6,6,"4,2","6,25","6,66666666666667"
"male",23,"4,5","3,4",7,"5,5","6,33333333333333",3,7,7
"female",29,"5,75","2,6","6,33333333333333","4,5",3,"5,2","5,75",6
"male",19,"4,5","4,2","5,66666666666667",7,"6,33333333333333","4,2",6,7
"male",21,"4,5","2,6","4,33333333333333",7,"4,66666666666667",4,"5,25","5,33333333333333"
"male",24,"5,5","2,2","6,33333333333333",4,6,"4,2",5,"6,33333333333333"
"male",27,"5,25",3,"6,33333333333333",6,7,"4,4","5,5","6,33333333333333"
"male",22,7,1,7,"4,5","6,33333333333333",2,"6,5",7
"male",22,"5,25",3,"6,33333333333333",7,"2,33333333333333",5,"4,75","4,33333333333333"
"male",23,"2,5","3,6",2,"4,5","5,66666666666667","3,8","3,25","2,33333333333333"
"male",20,"5,5",1,7,"3,5",6,"5,4","6,25",7
"female",21,4,"4,6",3,6,"2,33333333333333","5,4",5,"6,66666666666667"
"female",20,5,"4,2","6,66666666666667",7,5,"6,4",6,"5,66666666666667"
"female",23,"6,25","1,4",7,"4,5","3,66666666666667",5,5,7
"male",21,"4,25","2,6","6,33333333333333","5,5",7,"6,2","5,25","5,66666666666667"
"male",20,"4,5","3,8",4,6,"5,33333333333333","4,6","5,75",7
"female",24,"5,25","5,2","5,66666666666667",7,"4,33333333333333","6,4",5,"5,66666666666667"
"male",23,"4,5","3,2","6,66666666666667","6,5","5,66666666666667","5,8","6,25",7
"male",32,6,1,7,"6,5","4,66666666666667","4,2","5,25","6,33333333333333"
"male",27,6,"1,4","6,33333333333333",7,"2,33333333333333",4,"5,75","4,33333333333333"
"male",30,"1,75","2,8","5,33333333333333",5,"6,66666666666667","2,8","6,5","6,33333333333333"
"female",22,"5,75",4,6,6,"3,33333333333333","4,2","4,25",2
"female",28,5,"3,4","6,33333333333333",7,"6,33333333333333","4,2",6,"3,66666666666667"
"female",20,"5,25","4,8","6,66666666666667","6,5","4,66666666666667","5,2","5,25","6,66666666666667"
"male",35,"4,25","5,2","6,66666666666667",7,6,"5,4","4,75","6,66666666666667"
"female",25,3,"4,2",4,6,"3,66666666666667","3,8","4,5","6,66666666666667"
"male",22,"6,5","1,8",7,7,"5,33333333333333",6,"5,75","5,33333333333333"
"male",33,"4,25",4,"3,66666666666667",4,5,"4,4","4,25","6,33333333333333"
"male",23,"3,75",4,"4,33333333333333",2,"4,33333333333333","3,8",4,"6,33333333333333"
"female",36,"2,5","6,4",3,7,"3,33333333333333","4,4","4,5","1,66666666666667"
"female",23,"3,5","6,4","6,66666666666667",7,"3,66666666666667","4,2","5,75","6,66666666666667"
"female",45,4,4,"4,66666666666667",5,"2,66666666666667","5,4","4,25","4,66666666666667"
"male",28,"5,75",2,6,"5,5","5,66666666666667",6,"5,75",7
"male",54,"1,75","3,4","3,33333333333333",7,"5,66666666666667","5,8",4,4
"male",34,"3,75","3,2","4,33333333333333",5,"3,33333333333333","5,2",3,"2,33333333333333"
"female",23,"4,5","4,2","5,66666666666667",5,"4,33333333333333","2,4","4,5","4,66666666666667"
"male",38,"4,75","3,6",4,"5,5",5,"3,4","4,75","5,33333333333333"
"female",45,"4,5","3,8","4,66666666666667","5,5","4,66666666666667","4,4","3,25","4,66666666666667"
"male",22,4,2,"5,33333333333333","5,5","3,66666666666667","3,2",6,7
"female",31,"5,5","3,2","6,33333333333333",7,"4,66666666666667","2,6",6,"6,33333333333333"
"male",24,"5,25",6,7,7,3,"4,4",6,"3,66666666666667"
"female",54,"4,75","2,2","5,33333333333333","4,5",1,"3,4","3,5",3
"male",23,"4,25","4,4",5,6,6,"6,2","6,25",5
"male",29,"6,75","2,2",7,"5,5","6,33333333333333","2,6",6,7
"female",20,"4,5","5,4",5,5,"4,33333333333333","4,4",5,"5,66666666666667"
"male",23,7,"1,8","5,33333333333333",4,"6,66666666666667","2,8","5,75","6,33333333333333"
"male",45,"4,75",1,7,"5,5",7,"5,8",6,7
"female",20,"3,25","5,4","4,33333333333333","6,5","4,33333333333333","5,4","5,25",4
"male",25,"2,25",1,6,3,"5,33333333333333","3,4","5,25",7
"male",21,"2,5","2,4","3,33333333333333","5,5","4,33333333333333","4,6","4,75","3,33333333333333"
"male",24,"6,5","2,4","6,66666666666667",3,3,5,4,"5,33333333333333"
"male",24,"5,5","1,8",5,"4,5","5,33333333333333","3,4","5,25",7
"male",23,4,2,6,7,"4,33333333333333","4,4",5,5
"male",23,7,"1,4",7,7,"6,66666666666667","5,8",7,7
"male",22,"4,25","3,4","5,66666666666667",7,7,"5,4","6,5","5,33333333333333"
"male",20,"5,5",3,7,6,6,"5,8","6,25","6,33333333333333"
"female",53,"4,75",2,6,6,"1,33333333333333","3,8","2,25","4,33333333333333"
"male",22,"4,75","2,4","4,66666666666667","6,5","3,66666666666667","4,6",5,5
"male",23,2,"6,6",5,6,"4,66666666666667","2,8","4,75","3,66666666666667"
"male",28,"3,5","2,4",6,6,5,5,5,6
"female",45,"5,5","4,8",6,6,"2,33333333333333","3,8","4,25","2,33333333333333"
"female",20,"4,75","2,4","4,66666666666667","6,5","5,33333333333333","4,2","6,5","5,33333333333333"
"female",19,4,"5,8",3,"4,5","4,66666666666667",3,"3,75","3,33333333333333"
"male",19,"2,5","5,4","3,33333333333333",7,"5,33333333333333","6,4","5,75","2,66666666666667"
"female",47,4,5,5,7,"3,66666666666667","4,4","5,25",5
"female",25,5,1,7,"4,5",4,"1,4","5,25","5,33333333333333"
"female",39,3,3,3,3,"3,66666666666667",3,3,7
"male",35,6,2,"5,66666666666667","5,5","5,66666666666667","4,6","5,5",6
"female",27,"5,5",2,"5,33333333333333",5,"5,33333333333333",3,"4,75","6,33333333333333"
"male",32,"5,75","2,2",5,5,6,"4,4","5,75","4,33333333333333"
"female",27,"1,25","3,6",3,7,1,"2,6","3,5","1,66666666666667"
"female",35,"3,75","4,2","4,66666666666667",5,2,"3,4","2,75","1,33333333333333"
"female",20,"3,25",3,"4,33333333333333",3,"1,33333333333333","1,8",3,"5,33333333333333"
"male",20,7,"2,4","6,66666666666667",7,"6,66666666666667","5,8",7,4
"male",21,6,"1,2",6,"5,5","5,66666666666667","3,6","4,25","3,33333333333333"
"male",22,"3,25",3,"5,66666666666667","6,5","5,33333333333333",6,"6,5","5,33333333333333"
"male",31,3,2,5,4,"5,66666666666667","3,6","5,25",6
"male",32,5,"2,8",3,"5,5",5,"4,6","3,5","5,66666666666667"
"male",21,"5,5","4,4",3,7,5,"4,6","4,5",4
"male",30,"3,5","3,8","5,66666666666667",7,"4,33333333333333",6,"4,75","3,33333333333333"
"female",54,"4,25",3,6,7,5,"4,6","4,75",4
"female",40,"5,25",4,"3,33333333333333",7,4,5,5,5
"male",32,"1,75",7,5,7,6,"4,4",4,"2,66666666666667"
"male",20,"5,5","4,2","2,66666666666667","3,5",5,"4,4","5,25","4,66666666666667"
"female",24,7,"3,6",5,7,5,"4,8",6,7
"male",33,"5,25",3,6,7,"5,66666666666667",6,"6,25","4,66666666666667"
"male",23,"2,5","5,2","3,66666666666667",6,"2,66666666666667",4,"2,75","4,66666666666667"
"male",23,"5,5",2,7,7,"5,33333333333333","5,6","6,5","5,66666666666667"
"female",23,"3,25","2,8",3,7,1,"4,8","3,5",4
"male",27,"3,25","4,8",4,5,"3,66666666666667",4,3,7
"female",21,6,"4,2","3,66666666666667","5,5","5,66666666666667","3,4","5,5","6,66666666666667"
"male",55,1,"5,4",5,"5,5",6,"3,4","5,5","6,66666666666667"
"male",22,"2,25","3,8","4,33333333333333",7,6,"4,4","6,75","6,33333333333333"
"male",32,5,2,"5,33333333333333","6,5","5,66666666666667",6,"6,25",7
"male",22,"2,75","3,2","2,66666666666667",7,5,4,"4,5",7
"male",20,"5,5",1,7,"5,5","4,66666666666667","3,6","5,25","6,66666666666667"
"male",24,"2,5","2,2",7,"6,5","3,66666666666667","4,6",5,"4,66666666666667"
"male",19,4,"3,2",6,6,3,4,"3,25",4
"male",23,"5,75","3,2",6,"6,5",6,"6,8","3,5","6,33333333333333"
"female",22,"5,75","3,2",6,7,"5,66666666666667","3,4",6,6
"female",22,4,5,"4,33333333333333",6,"2,66666666666667",3,"4,25","4,33333333333333"
"male",22,"2,5","4,4","2,66666666666667",7,"5,66666666666667","5,6",5,6
"female",26,4,"3,8",5,"4,5","4,66666666666667","6,2",4,6
"male",37,3,"3,4","5,33333333333333","6,5",6,"3,4","5,75","3,66666666666667"
"male",26,"5,25",2,"6,33333333333333",7,"5,33333333333333","4,8","5,5","2,66666666666667"
"male",41,"5,75",1,6,4,"5,66666666666667","5,6",5,"5,33333333333333"
"female",23,"4,5","3,4","2,33333333333333","3,5","2,33333333333333","2,6","2,5","3,66666666666667"
"female",23,"4,5","3,4","2,33333333333333","3,5","2,33333333333333","2,6","2,5","3,66666666666667"
"male",24,"4,75","4,2",5,"4,5","5,33333333333333","4,8",5,"5,66666666666667"
"male",24,5,"4,8","5,33333333333333","5,5",6,"6,4",6,"6,33333333333333"
"male",55,7,1,7,6,6,"5,2","6,25",7
"male",48,"5,5","1,2","6,66666666666667",6,"3,33333333333333","4,8","5,5",7
"male",24,"4,75",2,5,6,4,"3,8","4,75","6,66666666666667"
"male",46,"5,25",2,7,5,"3,33333333333333",3,5,"6,66666666666667"
"male",38,"5,5",2,7,"6,5","4,33333333333333",4,"4,5",5
"female",25,"3,75","2,6","4,66666666666667","3,5","3,66666666666667","3,4","4,75","5,33333333333333"
"male",19,"5,25",3,"6,66666666666667",7,"2,33333333333333","4,2","4,75","3,33333333333333"
"male",25,5,"3,8","6,33333333333333",7,"4,66666666666667","4,2","5,75",5
"male",25,5,"3,8","6,33333333333333",7,"4,66666666666667","4,2","5,75",5
"male",23,"3,25",5,6,"6,5",3,"5,6","6,5","3,33333333333333"
"male",20,"4,25",4,1,7,5,6,"4,25","4,33333333333333"
"female",45,"4,75","2,8","5,33333333333333",5,"1,66666666666667","4,4","3,25",4
"female",28,"3,5","4,6",7,"4,5","4,66666666666667",5,"5,25","6,33333333333333"
"female",46,"5,25","2,4","5,33333333333333",6,3,5,"5,5","4,66666666666667"
"female",19,"4,25","4,4",6,"6,5","3,66666666666667","4,8","5,25","6,33333333333333"
"male",22,"1,75","6,4","3,33333333333333",7,"3,33333333333333","5,2",4,"1,66666666666667"
"male",29,"4,25","5,8","4,66666666666667",7,"5,66666666666667","5,2","4,75",2
"female",59,"6,5",6,"4,66666666666667",7,2,"6,6",3,"5,33333333333333"
"male",22,4,"3,4","5,33333333333333","6,5","5,33333333333333","5,2","5,25","3,66666666666667"
"male",24,"5,75",6,4,7,"6,66666666666667","6,6","6,75","6,66666666666667"
"male",20,"6,5",1,"6,33333333333333","5,5",7,"3,8",7,7
"female",32,"2,5","5,2","4,66666666666667","6,5",4,"3,6","3,5",4
"male",42,"3,25",2,"4,66666666666667",4,"5,33333333333333",5,"5,5",2
"male",37,1,"3,6","6,33333333333333",7,"6,33333333333333",5,7,7
"female",49,3,"4,4","4,33333333333333",6,"4,33333333333333",4,"4,75",5
"female",22,"5,75","2,6","6,33333333333333",5,"4,66666666666667",5,"5,25",6
"female",45,"4,5",4,"5,33333333333333","3,5",3,"2,8","4,75",6
"male",48,"2,5","6,2","5,33333333333333",4,6,"4,4","5,75","4,33333333333333"
"female",20,"3,75",4,"5,66666666666667","6,5","4,66666666666667","4,8","4,75",4
"female",24,"5,25","3,8","6,33333333333333",7,"6,33333333333333",4,"5,75","6,33333333333333"
"female",52,"4,5","2,2","6,66666666666667",4,3,"3,6","5,75","6,66666666666667"
"male",20,1,3,"2,33333333333333",7,"6,66666666666667","1,6","6,5","6,66666666666667"
"female",23,"1,25","5,2","5,66666666666667",7,4,5,3,4
"male",24,4,4,5,5,"5,66666666666667","5,8",5,"4,33333333333333"
"female",23,"3,25","4,4",6,4,"5,66666666666667","4,8",6,"4,66666666666667"
"male",58,1,6,5,"6,5","2,66666666666667","4,6",4,"1,66666666666667"
"female",41,7,2,6,6,"3,33333333333333","2,8","6,25","6,66666666666667"
"male",19,2,"3,6","2,66666666666667",7,"3,33333333333333","2,8","2,75","2,66666666666667"
"male",22,"3,25",5,5,7,5,5,"6,75","4,33333333333333"
"male",26,6,1,6,"5,5","5,33333333333333","3,8","5,25",7
"male",22,"2,75","3,2",4,6,"5,33333333333333","4,6","3,75","2,33333333333333"
"female",39,"4,75",5,6,5,"1,66666666666667","4,6","4,25","4,66666666666667"
"female",20,5,"4,2","6,66666666666667","6,5",2,"4,4","3,75","5,66666666666667"
"female",19,"2,5","2,2","1,66666666666667",7,"4,33333333333333","5,8","5,75",5
"male",22,"5,25","2,4","6,66666666666667",7,"2,66666666666667","3,2","5,5","6,33333333333333"
"female",21,5,"2,8","6,66666666666667","6,5","2,66666666666667","4,2","5,75",4
"female",21,"5,25","2,2","5,33333333333333",6,"4,66666666666667","5,2",5,"5,66666666666667"
"male",56,"1,5",7,4,"5,5",6,4,"6,5","4,66666666666667"
"female",27,3,4,5,5,3,"4,2",5,6
"female",31,"3,25",1,7,"5,5","2,66666666666667","2,4","6,75",6
"male",25,"4,25","1,8","4,66666666666667",7,"3,66666666666667",2,4,"5,66666666666667"
"female",24,"2,25","2,6",5,5,5,5,"5,25",6
"male",49,3,"1,8","5,66666666666667","3,5",3,"3,8",4,"6,33333333333333"
"female",29,"3,5",5,"2,33333333333333",7,4,"5,4","5,5","2,66666666666667"
"male",45,"6,25","1,8","6,33333333333333",5,"4,66666666666667","2,6","5,75",7
"male",73,7,"1,6",7,6,"6,33333333333333","5,8","6,75",7
"female",31,6,4,4,4,4,4,4,5
"male",31,5,"2,2",7,5,"6,66666666666667","2,2","6,75",7
"male",20,"4,5","2,6","4,66666666666667",6,"6,33333333333333","4,6","5,25","5,33333333333333"
"female",34,"3,75","3,8","3,66666666666667",7,"2,33333333333333",5,5,"1,33333333333333"
"male",19,"5,5","1,4","6,33333333333333","4,5","5,66666666666667","3,2",6,"6,33333333333333"
